{
"type": "FeatureCollection",
"name": "CityBoundary",
"crs": { "type": "name", "properties": { "name": "urn:ogc:def:crs:OGC:1.3:CRS84" } },
"features": [
{ "type": "Feature", "properties": { "DiscrpAgID": null, "DateUpdate": "2022-03-15T00:00:00", "Effective": "1899-12-30T00:00:00", "Expire": "1899-12-30T00:00:00", "ES_NGUID": "PSAP1@ATLANTA.GA.US", "State": "GA", "Agency_ID": null, "ServiceURI": "sip:sos@atlngapd1.fulton.ga.us", "ServiceURN": null, "ServiceNum": "911", "AVcard_URI": null, "DsplayName": "CITY OF ATLANTA" }, "geometry": { "type": "Polygon", "coordinates": [ [ [ -84.387220998999965, 33.88090647100006 ], [ -84.387230234999947, 33.880333456000074 ], [ -84.387250806999987, 33.879364351000049 ], [ -84.387286352, 33.878133071000036 ], [ -84.38605076999994, 33.878131154000073 ], [ -84.384943159999978, 33.878129770000044 ], [ -84.384243523999942, 33.878128863000029 ], [ -84.38407878199996, 33.878128824000044 ], [ -84.382972525999946, 33.878127333000066 ], [ -84.382480787999953, 33.878136085000051 ], [ -84.38223200799996, 33.87813069200007 ], [ -84.381824270999971, 33.878132423000068 ], [ -84.381551952999985, 33.87813372200003 ], [ -84.381134006999957, 33.878135687000054 ], [ -84.379894320999938, 33.87814127200005 ], [ -84.379787261, 33.878149372000053 ], [ -84.378189242999952, 33.878149380000025 ], [ -84.377606048999951, 33.878149003000033 ], [ -84.377489087999948, 33.878150580000067 ], [ -84.377374590999977, 33.878151105000029 ], [ -84.377260090999982, 33.878150613000059 ], [ -84.377145593999956, 33.878149106000023 ], [ -84.377031089999946, 33.878146881000077 ], [ -84.37674851099996, 33.878129856000044 ], [ -84.376534312, 33.878116123000041 ], [ -84.376436272999968, 33.878108734000079 ], [ -84.376337410999952, 33.878102389000048 ], [ -84.376238552999951, 33.878097392000029 ], [ -84.376138046999984, 33.878093795000041 ], [ -84.376038374999951, 33.878091548000043 ], [ -84.375937874999977, 33.878090342000064 ], [ -84.375837383999965, 33.87809087200003 ], [ -84.375736895999978, 33.878092415000026 ], [ -84.375636405999956, 33.878095335000069 ], [ -84.374079552999945, 33.878084580000063 ], [ -84.373711299999968, 33.878090063000059 ], [ -84.373638056999937, 33.878091151000035 ], [ -84.373521916999948, 33.878093077000074 ], [ -84.373305269999946, 33.878088630000036 ], [ -84.372327692999988, 33.878080920000059 ], [ -84.372046602999944, 33.878078697000035 ], [ -84.371890457999939, 33.878077445000031 ], [ -84.371792597999956, 33.878076647000057 ], [ -84.37016766399995, 33.878063594000025 ], [ -84.369576226999982, 33.878058744000043 ], [ -84.368591017999961, 33.878054921000057 ], [ -84.368423599999971, 33.878054260000056 ], [ -84.367769004999957, 33.878051673000073 ], [ -84.367783434999978, 33.87907702900003 ], [ -84.367783794, 33.879103576000034 ], [ -84.367677517999937, 33.879097236000064 ], [ -84.367556630999957, 33.879126042000053 ], [ -84.367512040999941, 33.879136668000058 ], [ -84.367470135999952, 33.87919626200005 ], [ -84.367457855999987, 33.879213707000076 ], [ -84.367402824999942, 33.879282173000036 ], [ -84.367231069999946, 33.879454542000076 ], [ -84.367115861999935, 33.879502824000042 ], [ -84.367024474999937, 33.879523225000071 ], [ -84.366773892999959, 33.87957906500003 ], [ -84.36671298999994, 33.879616182000063 ], [ -84.366680776999942, 33.879635803000042 ], [ -84.366637501999946, 33.879756957000041 ], [ -84.36660496199994, 33.879848059000039 ], [ -84.366552561999981, 33.879913907000059 ], [ -84.366483473999949, 33.879959006000036 ], [ -84.366379840999969, 33.880026862000079 ], [ -84.36626866499995, 33.880039054000065 ], [ -84.366124490999937, 33.880031043000031 ], [ -84.366018210999982, 33.880023325000025 ], [ -84.365926757999944, 33.880015558000025 ], [ -84.365791696999963, 33.880028502000073 ], [ -84.365702799999951, 33.880057502000057 ], [ -84.365219057, 33.880066663000036 ], [ -84.364094110999986, 33.880087927000034 ], [ -84.362811656999952, 33.878693177000059 ], [ -84.362903679999988, 33.878592393000076 ], [ -84.362952958999983, 33.878529462000074 ], [ -84.36301290199998, 33.878446237000048 ], [ -84.363077794999981, 33.878366433000053 ], [ -84.362972980999984, 33.878279318000068 ], [ -84.362926679999987, 33.878203130000031 ], [ -84.362897649999979, 33.878117296000028 ], [ -84.362809316999972, 33.87803122300005 ], [ -84.362696278999977, 33.877947943000038 ], [ -84.362693565999962, 33.877842470000076 ], [ -84.362611862999984, 33.877774224000063 ], [ -84.362570520999952, 33.877707648000069 ], [ -84.362537419999967, 33.877639353000063 ], [ -84.362501851, 33.877574496000079 ], [ -84.36247369299997, 33.877508914000032 ], [ -84.362445532999971, 33.877440252000042 ], [ -84.362411563999956, 33.877355445000035 ], [ -84.362322375999952, 33.877255963000039 ], [ -84.362264579999987, 33.877194579000047 ], [ -84.362196901999937, 33.877136644000075 ], [ -84.362153931999956, 33.87707726900004 ], [ -84.362110967999968, 33.877018607000025 ], [ -84.362062996999953, 33.87693313300008 ], [ -84.359833452999965, 33.87703695600004 ], [ -84.359831931999963, 33.877822944000059 ], [ -84.359831601999986, 33.878042469000036 ], [ -84.357918056999949, 33.878022092000037 ], [ -84.355226860999949, 33.877972295000063 ], [ -84.355515313999945, 33.878414312000075 ], [ -84.355860801999938, 33.878944869000065 ], [ -84.35533030299996, 33.878937797000049 ], [ -84.355317211999989, 33.880474719000063 ], [ -84.354911855999944, 33.880816141000025 ], [ -84.354043793999949, 33.881645687000059 ], [ -84.35389620899997, 33.881961955000065 ], [ -84.353110364999964, 33.881970373000058 ], [ -84.350549390999959, 33.882007888000032 ], [ -84.350352515999987, 33.882010931000025 ], [ -84.349212295999962, 33.881943231000037 ], [ -84.348461472999986, 33.882151832000034 ], [ -84.34813522099995, 33.882130654000036 ], [ -84.348082267999985, 33.882021850000058 ], [ -84.348102903999973, 33.880485552000039 ], [ -84.348136826999962, 33.87938762400006 ], [ -84.348180448999983, 33.877814546000025 ], [ -84.348230207999961, 33.876028834000067 ], [ -84.348238327, 33.875584987000025 ], [ -84.348239257999978, 33.874857759000065 ], [ -84.34823597899998, 33.872530038000036 ], [ -84.34823281499996, 33.869480913000075 ], [ -84.348231563999946, 33.869403498000054 ], [ -84.347917596999935, 33.869403989000034 ], [ -84.347965466999938, 33.868952609000075 ], [ -84.348220333999961, 33.868704620000074 ], [ -84.348162332999948, 33.865099120000025 ], [ -84.348117115999969, 33.862287994000042 ], [ -84.348220772, 33.858655017000046 ], [ -84.348251588999972, 33.857573801000058 ], [ -84.34825511799994, 33.857450592000077 ], [ -84.348264562999987, 33.854909203000034 ], [ -84.348227221999934, 33.848546798000029 ], [ -84.348147499999982, 33.84628272100008 ], [ -84.348122989, 33.845204441000078 ], [ -84.34812194999995, 33.845103116000075 ], [ -84.348106433999988, 33.844384124000044 ], [ -84.348125171999982, 33.844290656000055 ], [ -84.348154898999951, 33.843940545000066 ], [ -84.348254645999987, 33.842827043000057 ], [ -84.348352828999964, 33.841755425000031 ], [ -84.348454580999942, 33.841203927000038 ], [ -84.348507083999948, 33.840722915000072 ], [ -84.348478499999942, 33.839668327000027 ], [ -84.348255131999963, 33.839756627000042 ], [ -84.348101364999934, 33.839164616000062 ], [ -84.348315480999986, 33.839093809000076 ], [ -84.348475870999948, 33.839500087000033 ], [ -84.348461541999939, 33.83904588200005 ], [ -84.348464484999965, 33.83888236100006 ], [ -84.348379701999988, 33.837770144000046 ], [ -84.348350160999985, 33.837382689000037 ], [ -84.348384159999966, 33.837108175000026 ], [ -84.348384584999962, 33.836919565000073 ], [ -84.34842950999996, 33.834805436000067 ], [ -84.34849578099994, 33.831710177000048 ], [ -84.348563612999953, 33.828542047000042 ], [ -84.348495196999977, 33.825280260000056 ], [ -84.348484867999957, 33.824787409000066 ], [ -84.348452642999973, 33.822786395000037 ], [ -84.348465465999936, 33.821064284000045 ], [ -84.348470645999953, 33.820400580000069 ], [ -84.348578074999978, 33.817487662000076 ], [ -84.34857066099994, 33.816084789000058 ], [ -84.348551174999955, 33.812401261000048 ], [ -84.348550620999958, 33.812293887000067 ], [ -84.348594423999941, 33.807322968000051 ], [ -84.348599319999948, 33.80677589700008 ], [ -84.348612987999957, 33.805254073000071 ], [ -84.34837308699997, 33.805250881000063 ], [ -84.348115126999971, 33.805247464000047 ], [ -84.348105980999946, 33.80524734100004 ], [ -84.348014741999975, 33.805246128000078 ], [ -84.348015895999936, 33.805190381000045 ], [ -84.348025609999979, 33.80518931000006 ], [ -84.348053714999935, 33.80518333200007 ], [ -84.348080191999941, 33.805173346000061 ], [ -84.34810416199997, 33.80515970700003 ], [ -84.348124934999987, 33.805142775000036 ], [ -84.348141880999947, 33.80512309900007 ], [ -84.348147686999937, 33.805113032000065 ], [ -84.34815447699998, 33.805101290000039 ], [ -84.348161866999988, 33.805079401000057 ], [ -84.348165239999958, 33.805053838000049 ], [ -84.348164015999942, 33.80503520700006 ], [ -84.348614613999985, 33.80504234700004 ], [ -84.348615888999973, 33.804898392000041 ], [ -84.348619, 33.804548265000051 ], [ -84.348545158999968, 33.80454760300006 ], [ -84.34812765099997, 33.80454349300004 ], [ -84.348044543999947, 33.80455117200006 ], [ -84.348044846999983, 33.804694765000079 ], [ -84.348002244999975, 33.804694061000077 ], [ -84.348002278999957, 33.80469408600004 ], [ -84.348000920999937, 33.804752489000066 ], [ -84.347994350999954, 33.805039084000043 ], [ -84.34787894699997, 33.805039047000037 ], [ -84.347878628999979, 33.805047771000034 ], [ -84.347875259999967, 33.80507030800004 ], [ -84.347876354999983, 33.805093004000071 ], [ -84.347881877999953, 33.805115245000025 ], [ -84.347891684999979, 33.805136431000051 ], [ -84.347905514, 33.805155992000039 ], [ -84.347922991999951, 33.805173404000072 ], [ -84.34794364399994, 33.805188194000038 ], [ -84.347966912999937, 33.805199962000074 ], [ -84.347981239999967, 33.805205238000042 ], [ -84.347996101999968, 33.805209363000074 ], [ -84.34799594499998, 33.805216647000066 ], [ -84.347995854999965, 33.805220836000046 ], [ -84.347995032999961, 33.805259517000025 ], [ -84.347756210999989, 33.805571501000031 ], [ -84.347993749999944, 33.806035179000048 ], [ -84.347949726999957, 33.806023458000027 ], [ -84.347905211999944, 33.806013102000065 ], [ -84.347499278999976, 33.805251856000041 ], [ -84.34724412199995, 33.80524790100003 ], [ -84.347246181999935, 33.805060200000071 ], [ -84.347290055999963, 33.805059336000056 ], [ -84.347417507999978, 33.805056832000048 ], [ -84.347476564999965, 33.805055674000073 ], [ -84.347496410999952, 33.805055282000069 ], [ -84.347495566999953, 33.805038916000058 ], [ -84.347498082999948, 33.804685839000058 ], [ -84.347255549999943, 33.80468185400008 ], [ -84.343932912999946, 33.804622034000033 ], [ -84.341221072999986, 33.804616667000062 ], [ -84.338410749, 33.804586809000057 ], [ -84.33793441399996, 33.804583213000058 ], [ -84.337933303999989, 33.804472459000067 ], [ -84.338139411999975, 33.804040015000055 ], [ -84.338265270999955, 33.803564228000027 ], [ -84.338338172999954, 33.803589908000049 ], [ -84.338449911999987, 33.802290653000057 ], [ -84.338439652999966, 33.802294208000035 ], [ -84.337844059999952, 33.802491441000029 ], [ -84.337871827999948, 33.802571854000064 ], [ -84.337894788999961, 33.802653321000037 ], [ -84.337907625999947, 33.802704676000076 ], [ -84.33792673399995, 33.802795296000056 ], [ -84.337941472999944, 33.802886486000034 ], [ -84.337951817999965, 33.802978095000071 ], [ -84.336234943999955, 33.803327128000035 ], [ -84.336234007999963, 33.803327978000027 ], [ -84.336184611999954, 33.803372778000039 ], [ -84.336163371999987, 33.803392029000065 ], [ -84.335958463999987, 33.803432095000062 ], [ -84.335694342999943, 33.803443823000066 ], [ -84.335680324999942, 33.803444444000036 ], [ -84.335523258999956, 33.803413300000045 ], [ -84.335473910999951, 33.803406908000056 ], [ -84.335423967999986, 33.803406729000073 ], [ -84.335374549999983, 33.803412770000079 ], [ -84.335326768999948, 33.80342489700007 ], [ -84.335281684999984, 33.803442838000024 ], [ -84.33508130499996, 33.803538552000077 ], [ -84.335035829999981, 33.803555858000038 ], [ -84.334987979999937, 33.803567907000058 ], [ -84.334938631999989, 33.803574487000049 ], [ -84.334888665999983, 33.803575479000074 ], [ -84.334839, 33.803570860000036 ], [ -84.334790518999966, 33.803560719000075 ], [ -84.334623959999988, 33.803515736000065 ], [ -84.334573852999938, 33.803502637000065 ], [ -84.334522068999945, 33.803495419000058 ], [ -84.334469584999965, 33.803494221000051 ], [ -84.334417404999954, 33.803499066000029 ], [ -84.334366519999946, 33.803509857000051 ], [ -84.334317897999938, 33.803526392000038 ], [ -84.334272460999955, 33.803548360000036 ], [ -84.334231083999953, 33.803575335000062 ], [ -84.333896325999945, 33.803725661000044 ], [ -84.333727515999954, 33.80396799500005 ], [ -84.333753867999974, 33.80399968100005 ], [ -84.333819266999967, 33.804078338000068 ], [ -84.333866827999941, 33.804135533000078 ], [ -84.333960947999969, 33.80425746800006 ], [ -84.334062106999966, 33.804375407000066 ], [ -84.334170061999941, 33.804489070000045 ], [ -84.334271783999952, 33.804586553000036 ], [ -84.334378500999946, 33.804680237000071 ], [ -84.334490014999972, 33.804769944000043 ], [ -84.334606108999935, 33.804855502000066 ], [ -84.33460662799996, 33.804855876000033 ], [ -84.334883924999986, 33.805051417000072 ], [ -84.334921485999985, 33.805100343000049 ], [ -84.334809476999965, 33.805194927000059 ], [ -84.334838370999989, 33.805220677000079 ], [ -84.334536276999984, 33.805501803000027 ], [ -84.334339107999938, 33.805684362000079 ], [ -84.334260813999947, 33.805762920000063 ], [ -84.334217300999967, 33.80581206800008 ], [ -84.334180826999955, 33.805865061000077 ], [ -84.334151869999971, 33.80592118900006 ], [ -84.334130818999938, 33.805979722000075 ], [ -84.334077402999981, 33.806185145000029 ], [ -84.334052356999962, 33.806273867000073 ], [ -84.334027227999968, 33.806350585000075 ], [ -84.333995650999952, 33.806425626000078 ], [ -84.333957787999964, 33.806498610000062 ], [ -84.333913827999936, 33.80656917400006 ], [ -84.333863994999945, 33.806636959000059 ], [ -84.333808530999988, 33.806701627000052 ], [ -84.333710061999966, 33.806805042000065 ], [ -84.333648980999953, 33.806863237000073 ], [ -84.333583422999936, 33.806917930000054 ], [ -84.333513685999947, 33.806968890000064 ], [ -84.333427344999961, 33.807024444000035 ], [ -84.333337262999976, 33.807075687000065 ], [ -84.333284146999972, 33.807101202000069 ], [ -84.333228410999936, 33.807122470000024 ], [ -84.333136169999989, 33.807150746000048 ], [ -84.333042058999979, 33.807174334000024 ], [ -84.33294641699996, 33.80719313700007 ], [ -84.332855270999971, 33.807205297000053 ], [ -84.332763212999964, 33.807210916000031 ], [ -84.332651133999946, 33.80721025500003 ], [ -84.332539425999983, 33.807202614000062 ], [ -84.332278582999948, 33.807176581000078 ], [ -84.33212507199994, 33.807168625000031 ], [ -84.331804113999965, 33.807151989000033 ], [ -84.331706896999947, 33.807152762000044 ], [ -84.331630465999979, 33.807154661000027 ], [ -84.331554188999974, 33.807159133000027 ], [ -84.331494646999943, 33.807163397000068 ], [ -84.331407790999947, 33.807169667000039 ], [ -84.331111070999953, 33.807197700000074 ], [ -84.331013814999949, 33.80720890200007 ], [ -84.330917160999945, 33.807223294000039 ], [ -84.330821259999937, 33.807240859000046 ], [ -84.330696183999976, 33.807269507000058 ], [ -84.330573565999941, 33.807304784000053 ], [ -84.330453907999981, 33.80734654500003 ], [ -84.33039789999998, 33.807370830000025 ], [ -84.330345155999964, 33.807399757000042 ], [ -84.330296216999955, 33.807433023000044 ], [ -84.330251596999972, 33.807470278000039 ], [ -84.330211757999962, 33.807511138000052 ], [ -84.330177115999959, 33.807555173000026 ], [ -84.330148034999979, 33.807601931000079 ], [ -84.330123837999963, 33.807651781000061 ], [ -84.330104834999986, 33.807703179000043 ], [ -84.330091176999986, 33.807755745000065 ], [ -84.330082951999941, 33.807809090000035 ], [ -84.330079683999941, 33.807856374000039 ], [ -84.330080638999959, 33.807903726000063 ], [ -84.330081277999966, 33.807907872000044 ], [ -84.330100738999988, 33.808011029000056 ], [ -84.330118327999969, 33.808075607000035 ], [ -84.330142161999959, 33.808138775000032 ], [ -84.33017207599994, 33.808200108000051 ], [ -84.330225717999951, 33.808291994000058 ], [ -84.330285023999977, 33.808381424000061 ], [ -84.330349831999968, 33.808468147000042 ], [ -84.330419966999955, 33.808551935000025 ], [ -84.330495232999965, 33.808632559000046 ], [ -84.330736227999978, 33.808844737000072 ], [ -84.33087550099998, 33.808967670000072 ], [ -84.330922873999953, 33.809013637000078 ], [ -84.330964859999938, 33.809063115000072 ], [ -84.331001089999972, 33.809115668000061 ], [ -84.331031244999963, 33.809170830000028 ], [ -84.331055058999937, 33.809228115000053 ], [ -84.331072311999947, 33.809287013000073 ], [ -84.33108329199996, 33.80934975200006 ], [ -84.331087037999964, 33.809413079000024 ], [ -84.331083533999958, 33.809476419000077 ], [ -84.331072794999955, 33.809539188000031 ], [ -84.33105504699995, 33.809601414000042 ], [ -84.331030791999979, 33.809662090000074 ], [ -84.331000221999943, 33.809720742000025 ], [ -84.330963572999963, 33.809776917000079 ], [ -84.330929094999988, 33.809819633000075 ], [ -84.330889683999942, 33.809859256000038 ], [ -84.330833587999962, 33.809905616000037 ], [ -84.330772470999989, 33.809947321000038 ], [ -84.330706894999935, 33.809983994000049 ], [ -84.330637446999958, 33.810015313000065 ], [ -84.330580214999941, 33.810035423000045 ], [ -84.330520884999942, 33.810050722000028 ], [ -84.330460033999941, 33.810061059000077 ], [ -84.330398258999935, 33.810066335000045 ], [ -84.330392965999977, 33.810066561000042 ], [ -84.330226196999945, 33.810072434000062 ], [ -84.330059324999979, 33.810075569000048 ], [ -84.330001963999962, 33.810077707000062 ], [ -84.329944885999964, 33.81008287700007 ], [ -84.329860099999962, 33.810096334000036 ], [ -84.329670367999938, 33.80983397500006 ], [ -84.329671757999961, 33.809509990000038 ], [ -84.329672561999985, 33.809322002000044 ], [ -84.329674509999961, 33.808867605000046 ], [ -84.329676103999986, 33.808497087000035 ], [ -84.329545141999972, 33.808281954000051 ], [ -84.32937782099998, 33.808007075000035 ], [ -84.329319035999958, 33.807910508000077 ], [ -84.329221190999988, 33.807749771000033 ], [ -84.329064561999985, 33.807492466000042 ], [ -84.328885562999972, 33.807198404000076 ], [ -84.32879608199994, 33.807051399000045 ], [ -84.32861712, 33.806757394000044 ], [ -84.328448595999987, 33.806480535000048 ], [ -84.32845354899996, 33.806362659000058 ], [ -84.328482871999938, 33.80566503700004 ], [ -84.328492296999968, 33.805440876000034 ], [ -84.328493723999941, 33.805406865000066 ], [ -84.328497883999944, 33.805307861000074 ], [ -84.328505502999974, 33.805126715000029 ], [ -84.328509633999943, 33.80502834300006 ], [ -84.328519237999956, 33.804799845000048 ], [ -84.328526047999958, 33.804637832000026 ], [ -84.328535439999939, 33.80441443400008 ], [ -84.328536620999955, 33.804386301000079 ], [ -84.328541479999956, 33.804270630000076 ], [ -84.328545671999962, 33.804170922000026 ], [ -84.328546026999959, 33.80416247900007 ], [ -84.328503353999963, 33.804132310000057 ], [ -84.328045526999972, 33.80380862100003 ], [ -84.327659556999947, 33.803535735000025 ], [ -84.327648847999967, 33.803528164000056 ], [ -84.327611857999955, 33.803526337000051 ], [ -84.327529864999974, 33.803522280000038 ], [ -84.327448098, 33.803518231000055 ], [ -84.327262401999974, 33.80350904900007 ], [ -84.327085815999965, 33.803500313000029 ], [ -84.326703078999969, 33.803481377000026 ], [ -84.326165141, 33.803454764000037 ], [ -84.325366007999946, 33.803415222000069 ], [ -84.325037964999979, 33.803398989000073 ], [ -84.325161107999975, 33.803797235000047 ], [ -84.325214688999949, 33.80397051500006 ], [ -84.325235160999966, 33.804036727000039 ], [ -84.325303768999959, 33.804258602000061 ], [ -84.325322224999979, 33.804318287000058 ], [ -84.325377634999938, 33.804497484000024 ], [ -84.325355954999964, 33.804785478000042 ], [ -84.325332519999961, 33.805096746000061 ], [ -84.325310834999982, 33.805384744000037 ], [ -84.325275571999953, 33.805853150000075 ], [ -84.324265795999963, 33.805817499000057 ], [ -84.324028387999988, 33.80578427100005 ], [ -84.323130550999963, 33.805658606000065 ], [ -84.322837456999935, 33.805617581000035 ], [ -84.32204737099994, 33.805506991000073 ], [ -84.322062206999988, 33.805464483000037 ], [ -84.322095101999935, 33.805370221000032 ], [ -84.322125917999983, 33.805272817000059 ], [ -84.322150805999968, 33.805174236000028 ], [ -84.322169696999936, 33.805074732000037 ], [ -84.322215450999977, 33.80480039400004 ], [ -84.322234912999988, 33.80470031200008 ], [ -84.322262209999963, 33.804601510000055 ], [ -84.32229721799996, 33.804504422000036 ], [ -84.322339789999944, 33.804409460000045 ], [ -84.322389738999959, 33.804317035000054 ], [ -84.322413781999956, 33.804275608000069 ], [ -84.322424640999941, 33.804256904000056 ], [ -84.32249864399995, 33.804129393000039 ], [ -84.322580271999982, 33.803988747000062 ], [ -84.322686472999976, 33.803805753000063 ], [ -84.322775024999942, 33.803654961000063 ], [ -84.322826664, 33.80355557200005 ], [ -84.322873332999961, 33.803454482000063 ], [ -84.322914945999969, 33.803351870000029 ], [ -84.322951436999972, 33.803247903000056 ], [ -84.322976177999976, 33.803145366000024 ], [ -84.32299342999994, 33.803041766000035 ], [ -84.32300313199994, 33.802937483000051 ], [ -84.323010088999979, 33.802757946000042 ], [ -84.323012198999947, 33.802175138000052 ], [ -84.323008372999936, 33.802091269000073 ], [ -84.323024865999969, 33.802091694000069 ], [ -84.323012347999963, 33.801817070000027 ], [ -84.322999829999958, 33.801542447000031 ], [ -84.322985850999942, 33.801235733000055 ], [ -84.322952878999956, 33.801235107000025 ], [ -84.322924216999979, 33.800606217000052 ], [ -84.322913247999963, 33.800365498000076 ], [ -84.322902735999946, 33.800134891000027 ], [ -84.322890356999949, 33.799863293000044 ], [ -84.322899125999982, 33.79986294400004 ], [ -84.322913330999938, 33.799862378000057 ], [ -84.323011264999934, 33.799858465000057 ], [ -84.323601087999975, 33.799945440000045 ], [ -84.323599521999938, 33.799958650000065 ], [ -84.323680396999976, 33.799965935000046 ], [ -84.32367996399995, 33.799804722000033 ], [ -84.323584563999987, 33.799744150000038 ], [ -84.323608537999974, 33.799725833000025 ], [ -84.323616032999951, 33.799720110000067 ], [ -84.324273479999988, 33.799217854000062 ], [ -84.324456036999948, 33.799326995000058 ], [ -84.32463378999995, 33.799433260000058 ], [ -84.324900931999935, 33.79959296800007 ], [ -84.325236187999963, 33.799793399000066 ], [ -84.325431639999977, 33.799910239000042 ], [ -84.32579805499995, 33.800142115000028 ], [ -84.326329419999979, 33.800485117000051 ], [ -84.326417763999984, 33.80053877000006 ], [ -84.32650972, 33.800588008000034 ], [ -84.326604969999948, 33.80063266500008 ], [ -84.326703193999947, 33.80067259100008 ], [ -84.32680404599995, 33.800707648000071 ], [ -84.326907184999982, 33.800737711000068 ], [ -84.327012254999943, 33.800762683000073 ], [ -84.327067166999939, 33.800774662000038 ], [ -84.327176876999943, 33.800793552000073 ], [ -84.327287550999984, 33.800807980000059 ], [ -84.327429714999937, 33.800817206000033 ], [ -84.327572284999974, 33.800819432000026 ], [ -84.32771476399995, 33.800814654000078 ], [ -84.327730618999965, 33.800648268000032 ], [ -84.327764060999982, 33.800557549000075 ], [ -84.327888458999951, 33.800220124000077 ], [ -84.327497263999987, 33.800050819000035 ], [ -84.327452981999954, 33.800151421000066 ], [ -84.327420318999941, 33.800202284000079 ], [ -84.327375209999957, 33.800272530000029 ], [ -84.327275595999936, 33.800580281000066 ], [ -84.326745222999989, 33.800395436000031 ], [ -84.32631513299998, 33.800106345000074 ], [ -84.325024969999959, 33.799287338000056 ], [ -84.324371617999986, 33.79886749800005 ], [ -84.324038935999965, 33.798527165000053 ], [ -84.323821819999978, 33.798452522000048 ], [ -84.323349231999941, 33.798727561000078 ], [ -84.323288113, 33.798763127000029 ], [ -84.323167755999975, 33.79864953200007 ], [ -84.323256797999989, 33.798597585000039 ], [ -84.323338724999985, 33.798494550000044 ], [ -84.323256986, 33.798405174000038 ], [ -84.323063063999939, 33.798550724000052 ], [ -84.32296514899997, 33.798624222000058 ], [ -84.322931818999962, 33.798594262000051 ], [ -84.322557571999937, 33.798961332000033 ], [ -84.322546846999956, 33.798971857000026 ], [ -84.322536120999985, 33.798982375000037 ], [ -84.322286408999958, 33.798764647000041 ], [ -84.322149812999953, 33.798645547000035 ], [ -84.322141899999963, 33.798638648000065 ], [ -84.32213607999995, 33.798633568000071 ], [ -84.322070573999952, 33.798586248000049 ], [ -84.322002214999941, 33.798541833000058 ], [ -84.321930496999983, 33.798500061000027 ], [ -84.321856257999968, 33.798461487000054 ], [ -84.321847351999963, 33.798457099000075 ], [ -84.321836186999974, 33.798467576000064 ], [ -84.321825052999941, 33.798462189000077 ], [ -84.321762113999966, 33.798433289000059 ], [ -84.321697923999977, 33.798406376000059 ], [ -84.321576512999968, 33.798358363000034 ], [ -84.321452507999936, 33.798315230000071 ], [ -84.321326186999954, 33.798277067000072 ], [ -84.321197834999964, 33.798243964000051 ], [ -84.321350190999965, 33.798111087000052 ], [ -84.32114545099995, 33.797955334000051 ], [ -84.321114946999955, 33.797931235000078 ], [ -84.321112335999942, 33.797929058000079 ], [ -84.321102895999957, 33.79792118000006 ], [ -84.321066974999951, 33.797886366000057 ], [ -84.321036583999955, 33.797848058000056 ], [ -84.320466220999947, 33.797759859000053 ], [ -84.320464388999937, 33.797759853000059 ], [ -84.320366246999981, 33.797759399000029 ], [ -84.320365714, 33.797870266000075 ], [ -84.320365155, 33.797988504000045 ], [ -84.320363795999981, 33.798272164000025 ], [ -84.320266044999983, 33.798292201000038 ], [ -84.320268892999934, 33.797758085000055 ], [ -84.320053476999988, 33.797755839000047 ], [ -84.319888912999943, 33.797722219000036 ], [ -84.319521490999989, 33.797726068000031 ], [ -84.319472075999954, 33.797726582000053 ], [ -84.319472065999946, 33.797729447000052 ], [ -84.319355695999946, 33.797463296000046 ], [ -84.319280567999954, 33.79740978600006 ], [ -84.319144113999982, 33.797548297000048 ], [ -84.318813655999975, 33.797883740000032 ], [ -84.318482055999937, 33.798220343000025 ], [ -84.318227261999937, 33.798478971000065 ], [ -84.318236983999952, 33.798605128000077 ], [ -84.318450888999962, 33.798779434000039 ], [ -84.318335961999935, 33.798952487000065 ], [ -84.318350969999983, 33.799110553000048 ], [ -84.318660355999953, 33.799027065000075 ], [ -84.318552814999975, 33.798908899000025 ], [ -84.318807560999971, 33.798734049000075 ], [ -84.319139093, 33.798506490000079 ], [ -84.319469567999988, 33.798279652000076 ], [ -84.319470820999982, 33.798004282000079 ], [ -84.319520256999965, 33.798003763000054 ], [ -84.319888720999984, 33.79799990500004 ], [ -84.319888581999976, 33.798190679000072 ], [ -84.319888747999983, 33.798206023000034 ], [ -84.319892688999971, 33.798275554000043 ], [ -84.319901847999972, 33.798344744000076 ], [ -84.319916200999955, 33.798413314000072 ], [ -84.319973609999977, 33.798747429000059 ], [ -84.32039746199996, 33.798623227000064 ], [ -84.320762262999949, 33.798532814000055 ], [ -84.321042752999972, 33.798506348000046 ], [ -84.321048714999961, 33.801285126000039 ], [ -84.321049193999954, 33.801504987000044 ], [ -84.322701667, 33.801514484000052 ], [ -84.322684780999964, 33.801986233000036 ], [ -84.322685208999985, 33.802159413000027 ], [ -84.322691758999952, 33.80255254900004 ], [ -84.322668931999942, 33.803089097000054 ], [ -84.322574203999977, 33.803357474000052 ], [ -84.322455606999938, 33.803586142000029 ], [ -84.322337049999987, 33.803839647000075 ], [ -84.322188820999941, 33.804137901000047 ], [ -84.322064293999972, 33.804381478000039 ], [ -84.321987364999984, 33.80462002400003 ], [ -84.321952030999967, 33.804823749000036 ], [ -84.321916672999976, 33.805017536000037 ], [ -84.321857593999937, 33.805256063000058 ], [ -84.321768770999938, 33.805509679000068 ], [ -84.319514570999957, 33.805296572000032 ], [ -84.319487859999981, 33.805293658000039 ], [ -84.319219801999964, 33.805264403000024 ], [ -84.318906194999954, 33.805230171000062 ], [ -84.318825247999939, 33.805221338000024 ], [ -84.318498819999945, 33.805185707000078 ], [ -84.318381545999955, 33.805172907000042 ], [ -84.318164518999936, 33.805149219000043 ], [ -84.318053206999934, 33.805137067000032 ], [ -84.318033544999935, 33.804257135000057 ], [ -84.317457434999938, 33.804256937000048 ], [ -84.31743410699994, 33.804256929000076 ], [ -84.316806858999939, 33.804256709000072 ], [ -84.316069426999945, 33.80425645400004 ], [ -84.31579295399996, 33.804256355000064 ], [ -84.315789596999934, 33.804256298000041 ], [ -84.315736045999984, 33.804255332000025 ], [ -84.315621334999946, 33.803451369000072 ], [ -84.315619774999959, 33.803440451000029 ], [ -84.314490402999979, 33.803443893000065 ], [ -84.314370886999939, 33.803444257000024 ], [ -84.31383679399994, 33.803445885000031 ], [ -84.313441753999939, 33.803447085000073 ], [ -84.313247018999959, 33.803447675000029 ], [ -84.312670922999985, 33.803449422000028 ], [ -84.311711859999946, 33.803452322000055 ], [ -84.311636501999942, 33.803452551000078 ], [ -84.311636314999987, 33.80335330500003 ], [ -84.31163610599998, 33.803241273000026 ], [ -84.311636080999961, 33.80322650200003 ], [ -84.31173268699996, 33.803225956000063 ], [ -84.312523012999975, 33.803221462000067 ], [ -84.313469234999957, 33.803216086000077 ], [ -84.313374265999983, 33.800518719000024 ], [ -84.312837509999952, 33.800407372000052 ], [ -84.312404898999944, 33.800263499000039 ], [ -84.31196513499998, 33.800149713000053 ], [ -84.311590311999964, 33.800083978000032 ], [ -84.311302000999945, 33.800042202000043 ], [ -84.311085919999982, 33.80010261700005 ], [ -84.310797653999941, 33.800090925000063 ], [ -84.310048647999963, 33.800344465000023 ], [ -84.30977704999998, 33.800491758000078 ], [ -84.309246761999987, 33.800779338000041 ], [ -84.309183286999939, 33.800699792000046 ], [ -84.309178462999967, 33.80069375000005 ], [ -84.309102870999936, 33.800596274000043 ], [ -84.309102711999969, 33.800596068000061 ], [ -84.308366373999945, 33.799646553000059 ], [ -84.308197676999953, 33.79944729500005 ], [ -84.308022010999935, 33.799252270000068 ], [ -84.307839542999943, 33.799061659000074 ], [ -84.307650422999984, 33.798875615000043 ], [ -84.307633014999965, 33.798838254000032 ], [ -84.307596762999935, 33.798760428000037 ], [ -84.307554201999949, 33.798786048000068 ], [ -84.307430156999942, 33.798672206000049 ], [ -84.307488108999962, 33.798601500000075 ], [ -84.307534450999981, 33.798544962000051 ], [ -84.307466870999974, 33.798510708000038 ], [ -84.307429547999959, 33.798562519000029 ], [ -84.307400672999961, 33.798557247000076 ], [ -84.307281479999972, 33.79853547700003 ], [ -84.306822829999987, 33.798112349000064 ], [ -84.306645825999965, 33.797947804000046 ], [ -84.306657133999977, 33.797881520000033 ], [ -84.306695177999984, 33.797674263000033 ], [ -84.306738495, 33.797467725000047 ], [ -84.306773617999966, 33.797322974000053 ], [ -84.306814237999959, 33.79717923100003 ], [ -84.306860315999984, 33.79703663600003 ], [ -84.306893592999984, 33.796943746000068 ], [ -84.306930642999987, 33.79685186200004 ], [ -84.306971432999944, 33.79676108700005 ], [ -84.307014253999967, 33.796674650000057 ], [ -84.307043370999963, 33.796617106000042 ], [ -84.307076134999988, 33.796560943000031 ], [ -84.307177301999957, 33.796401272000026 ], [ -84.307184881999945, 33.79638957700007 ], [ -84.307187625999973, 33.796385344000043 ], [ -84.307235482999943, 33.796314307000046 ], [ -84.307285608999962, 33.796244363000028 ], [ -84.307354675999989, 33.796162662000029 ], [ -84.30738243899998, 33.796131915000046 ], [ -84.307457926999973, 33.796051504000047 ], [ -84.307535228999939, 33.795972308000046 ], [ -84.307614500999989, 33.795896610000057 ], [ -84.307698237999944, 33.795824340000024 ], [ -84.30778412799998, 33.795755625000027 ], [ -84.307872084999985, 33.795688755000072 ], [ -84.307969143999969, 33.795620431000032 ], [ -84.308070248999968, 33.79555632000006 ], [ -84.308175564999942, 33.795495036000034 ], [ -84.308283092999943, 33.795436486000028 ], [ -84.308401970999967, 33.795377655000038 ], [ -84.308524551999938, 33.795324373000028 ], [ -84.308651883999971, 33.795274812000059 ], [ -84.308781082999985, 33.795228745000031 ], [ -84.308911095999974, 33.795188319000033 ], [ -84.309043849999966, 33.795154664000052 ], [ -84.309208249999983, 33.795118486000035 ], [ -84.309378596999977, 33.79508415600003 ], [ -84.309550081999987, 33.795054013000026 ], [ -84.309722546999978, 33.79502807700004 ], [ -84.309722980999936, 33.795028015000071 ], [ -84.309794055999987, 33.79501859100003 ], [ -84.309860733999983, 33.795010417000071 ], [ -84.30998677599996, 33.795002459000045 ], [ -84.309996891999958, 33.795001948000049 ], [ -84.310062501999937, 33.794998937000059 ], [ -84.310165461999986, 33.794994320000058 ], [ -84.310268381999947, 33.794989703000056 ], [ -84.310593331999939, 33.794981331000031 ], [ -84.310890041999983, 33.794974953000064 ], [ -84.311233647999984, 33.794967506000035 ], [ -84.311565777999988, 33.794960084000024 ], [ -84.311593407999965, 33.794959635000055 ], [ -84.311628472999985, 33.794959058000074 ], [ -84.31191294599995, 33.794954139000026 ], [ -84.31226828399997, 33.794944631000078 ], [ -84.31247297699997, 33.794940390000079 ], [ -84.31277148099997, 33.794934501000057 ], [ -84.313101047999965, 33.794927077000068 ], [ -84.313402749999966, 33.794923235000056 ], [ -84.313698626999951, 33.794926350000026 ], [ -84.314013962, 33.794937916000038 ], [ -84.314165567999964, 33.794945906000066 ], [ -84.314317003999975, 33.794955853000033 ], [ -84.31446552999995, 33.794967469000028 ], [ -84.314613749999978, 33.794981539000048 ], [ -84.314983352999946, 33.795023885000035 ], [ -84.315366719999986, 33.795079401000066 ], [ -84.315572639999971, 33.795113624000066 ], [ -84.315911316999973, 33.79517105900004 ], [ -84.316219677999982, 33.795222763000027 ], [ -84.316436414999941, 33.795261593000077 ], [ -84.316653838999969, 33.795297634000065 ], [ -84.316653833999965, 33.795294769000066 ], [ -84.316610563999973, 33.794631214000049 ], [ -84.317426498999964, 33.793521714000065 ], [ -84.317408469999975, 33.793314753000061 ], [ -84.317406023, 33.793313049000062 ], [ -84.317244198999958, 33.793200265000053 ], [ -84.317054656999971, 33.793068161000065 ], [ -84.316910159999964, 33.792967455000053 ], [ -84.316902833999961, 33.792962669000076 ], [ -84.316747275999944, 33.792861040000048 ], [ -84.316526905999979, 33.792717067000069 ], [ -84.316345421999984, 33.792598502000033 ], [ -84.316163939999967, 33.792479932000049 ], [ -84.316142264999939, 33.79246577300006 ], [ -84.316066175999936, 33.792420824000033 ], [ -84.315988258999937, 33.792378108000037 ], [ -84.315903828999978, 33.792335358000059 ], [ -84.315817567999943, 33.792295233000061 ], [ -84.315721844999985, 33.792254644000025 ], [ -84.315624247999949, 33.792217290000053 ], [ -84.315524942999957, 33.792183231000024 ], [ -84.315518381999937, 33.792181063000044 ], [ -84.315407995999976, 33.792146349000063 ], [ -84.315296331999946, 33.792114610000056 ], [ -84.315006047999987, 33.792030529000044 ], [ -84.314997658999971, 33.792027419000078 ], [ -84.314990007999938, 33.792023190000066 ], [ -84.314983308999956, 33.792017950000059 ], [ -84.314977748999979, 33.79201185200003 ], [ -84.314973485999985, 33.792005068000037 ], [ -84.314970634999952, 33.791997783000056 ], [ -84.314969278999968, 33.791990203000069 ], [ -84.314969452999946, 33.791982544000064 ], [ -84.314971152999988, 33.791975010000044 ], [ -84.314974334999988, 33.791967825000029 ], [ -84.314978905999965, 33.791961179000054 ], [ -84.314984740999989, 33.791955264000023 ], [ -84.314991674999987, 33.791950243000031 ], [ -84.314999512999975, 33.791946256000074 ], [ -84.315504213999986, 33.791731364000043 ], [ -84.315797443999941, 33.791606510000065 ], [ -84.316032025999959, 33.791506626000057 ], [ -84.31604918499994, 33.791499309000073 ], [ -84.31619296599996, 33.791434088000074 ], [ -84.316333309999948, 33.791363846000024 ], [ -84.316469967999979, 33.79128871100005 ], [ -84.316686838999942, 33.791171933000044 ], [ -84.316759163999961, 33.791122917000052 ], [ -84.31689632299998, 33.791026963000036 ], [ -84.316976011999941, 33.790971210000066 ], [ -84.317463806999967, 33.790629960000047 ], [ -84.317555791999951, 33.791110255000035 ], [ -84.317585938999969, 33.791253762000053 ], [ -84.317297305999944, 33.791337201000033 ], [ -84.317203993999954, 33.791364172000044 ], [ -84.317110685999978, 33.79139114700007 ], [ -84.316832470999941, 33.791625244000045 ], [ -84.316680548999955, 33.791678550000029 ], [ -84.316713512999968, 33.791731338000034 ], [ -84.316751046999968, 33.791781952000065 ], [ -84.316792944999975, 33.791830120000043 ], [ -84.316837927999984, 33.791874611000026 ], [ -84.316886633999957, 33.791916278000031 ], [ -84.316921836999938, 33.791941460000032 ], [ -84.316958463999981, 33.79196518100008 ], [ -84.317011400999945, 33.791995548000045 ], [ -84.317066667999939, 33.792022874000054 ], [ -84.31712400899994, 33.792047035000053 ], [ -84.317162365999934, 33.792060584000069 ], [ -84.317286958999944, 33.792104594000079 ], [ -84.317332455999974, 33.792123745000026 ], [ -84.317375681999977, 33.792146262000074 ], [ -84.317080811999972, 33.79245089300008 ], [ -84.317119698999988, 33.792476301000079 ], [ -84.317269410999984, 33.792583963000027 ], [ -84.317573031999984, 33.792291696000063 ], [ -84.317614502999959, 33.792245047000051 ], [ -84.317655549999984, 33.792266251000058 ], [ -84.317733377999957, 33.792296855000075 ], [ -84.31782674699997, 33.792315629000029 ], [ -84.317881744999966, 33.792262660000063 ], [ -84.317887175999942, 33.791737515000079 ], [ -84.317965773999958, 33.791720842000075 ], [ -84.318349928999965, 33.791639346000068 ], [ -84.31857175, 33.791592284000046 ], [ -84.318571618999954, 33.791518478000057 ], [ -84.318577126999969, 33.791517251000073 ], [ -84.318439115999979, 33.790910927000027 ], [ -84.317802946999961, 33.79104454700007 ], [ -84.317702015999942, 33.790460759000041 ], [ -84.317761182999959, 33.790417983000054 ], [ -84.317930636999961, 33.790295469000057 ], [ -84.317931923999936, 33.790294536000033 ], [ -84.318075108999949, 33.790199159000053 ], [ -84.318221178999977, 33.790106878000074 ], [ -84.318370037999955, 33.790017759000079 ], [ -84.318518658999949, 33.789939536000077 ], [ -84.318669719999946, 33.789864641000065 ], [ -84.318823106999957, 33.789793122000049 ], [ -84.319512788999987, 33.789464877000057 ], [ -84.319571106999945, 33.789437123000027 ], [ -84.31980514299994, 33.789338407000059 ], [ -84.320042842999953, 33.789245998000069 ], [ -84.320283960999973, 33.789159986000072 ], [ -84.320479690999946, 33.789093632000061 ], [ -84.320676461999938, 33.789029477000042 ], [ -84.320742192999944, 33.789006203000042 ], [ -84.320837479999966, 33.78906041700003 ], [ -84.321066949999988, 33.788977666000051 ], [ -84.321159709999961, 33.788867743000026 ], [ -84.321806496999955, 33.78868471100003 ], [ -84.321977042999947, 33.788639035000074 ], [ -84.322149439999976, 33.788598484000033 ], [ -84.322323464999954, 33.788563122000028 ], [ -84.322498896999946, 33.788532984000028 ], [ -84.323219724999944, 33.788414643000067 ], [ -84.323226074, 33.788441607000038 ], [ -84.323274517999948, 33.788433655000063 ], [ -84.323268168999959, 33.788406687000077 ], [ -84.32349431199998, 33.788369562000071 ], [ -84.323674272999938, 33.788343544000043 ], [ -84.323855505999973, 33.788324647000024 ], [ -84.324037600999986, 33.788312909000069 ], [ -84.324220158999935, 33.78830836000003 ], [ -84.324335161999954, 33.788309195000068 ], [ -84.324450084999967, 33.788312877000067 ], [ -84.324804993999976, 33.788327288000062 ], [ -84.324923072, 33.788335497000048 ], [ -84.324949740999955, 33.788337351000052 ], [ -84.325098366999953, 33.788352351000071 ], [ -84.32529255299994, 33.788383526000075 ], [ -84.325372907999963, 33.788425153000048 ], [ -84.32540355499998, 33.788493191000043 ], [ -84.325421788999961, 33.788533682000036 ], [ -84.325453736999975, 33.788549660000058 ], [ -84.325484330999984, 33.788564964000045 ], [ -84.325542181999936, 33.788568855000051 ], [ -84.325691811999945, 33.788578911000059 ], [ -84.32573992, 33.788603439000042 ], [ -84.325791538999965, 33.788622364000048 ], [ -84.325845723999976, 33.788635337000073 ], [ -84.325901500999976, 33.788642129000038 ], [ -84.325957869999968, 33.78864261700005 ], [ -84.326022408999961, 33.788642595000056 ], [ -84.326086382999961, 33.788649665000037 ], [ -84.326148690999958, 33.788663708000058 ], [ -84.326208236999946, 33.788684477000061 ], [ -84.326263998999934, 33.788711609000075 ], [ -84.326314991999936, 33.788744633000078 ], [ -84.326335974999949, 33.788725783000075 ], [ -84.326592317999939, 33.788914271000067 ], [ -84.326716558999976, 33.789013735000026 ], [ -84.326837330999979, 33.789116135000029 ], [ -84.326954533999981, 33.789221387000055 ], [ -84.327068063999945, 33.78932941000005 ], [ -84.327199190999977, 33.789461761000041 ], [ -84.327325574999975, 33.789597292000053 ], [ -84.327447106999955, 33.789735884000038 ], [ -84.327507153999989, 33.789812642000072 ], [ -84.327562357999966, 33.789891897000075 ], [ -84.327612568999939, 33.789973429000042 ], [ -84.327657658999954, 33.790057025000067 ], [ -84.327697494999938, 33.790142459000037 ], [ -84.327762144999951, 33.790280399000039 ], [ -84.327792274999979, 33.790334371000029 ], [ -84.327828229999966, 33.790385796000066 ], [ -84.327869704999955, 33.790434237000056 ], [ -84.327916347999974, 33.790479283000025 ], [ -84.327950765999958, 33.790508284000055 ], [ -84.327987452999935, 33.790536049000025 ], [ -84.328025774999958, 33.790562057000045 ], [ -84.328077269999937, 33.790592820000029 ], [ -84.328131181999936, 33.79062054700006 ], [ -84.32821101899998, 33.790660433000028 ], [ -84.328292253999962, 33.79069829000008 ], [ -84.328323226999942, 33.790712026000051 ], [ -84.328358349999974, 33.790727154000024 ], [ -84.328412483999955, 33.790748833000066 ], [ -84.328519454999935, 33.790788251000038 ], [ -84.328547073999971, 33.790798430000052 ], [ -84.328684196999973, 33.790842932000032 ], [ -84.32882357699998, 33.790882249000049 ], [ -84.328981200999976, 33.791270075000057 ], [ -84.328967926999951, 33.791273898000043 ], [ -84.328553006999982, 33.791393393000078 ], [ -84.328535034999959, 33.791398570000069 ], [ -84.328437555999983, 33.791426643000079 ], [ -84.328430563999973, 33.791428656000051 ], [ -84.328426278999984, 33.791450308000037 ], [ -84.328422713999942, 33.791468311000074 ], [ -84.328419584999949, 33.791587026000059 ], [ -84.328427803999944, 33.791646489000073 ], [ -84.328433864999965, 33.791690351000057 ], [ -84.328438534999975, 33.791724144000057 ], [ -84.328462231999936, 33.791809310000076 ], [ -84.328466720999984, 33.791825435000078 ], [ -84.328495489999966, 33.791922322000062 ], [ -84.328509076999978, 33.791968944000075 ], [ -84.328528511999934, 33.792035643000077 ], [ -84.328536763999978, 33.792112390000057 ], [ -84.328539145999969, 33.792134549000025 ], [ -84.328543552999975, 33.792175557000064 ], [ -84.328536014999941, 33.792317973000024 ], [ -84.328534708999939, 33.79234269300008 ], [ -84.328535895999948, 33.79246437900008 ], [ -84.328536080999982, 33.792483989000061 ], [ -84.328536250999946, 33.792500902000029 ], [ -84.328552653999964, 33.792648581000037 ], [ -84.328560634999974, 33.792720369000051 ], [ -84.328586300999973, 33.792860153000049 ], [ -84.328591333999952, 33.792887556000039 ], [ -84.328608710999958, 33.792935860000057 ], [ -84.328645449999954, 33.793037972000036 ], [ -84.328694799999937, 33.793179658000042 ], [ -84.328703119999943, 33.793195605000051 ], [ -84.328760333999981, 33.793305209000039 ], [ -84.328816481999979, 33.793385826000076 ], [ -84.328895110999952, 33.793470009000032 ], [ -84.328938995999977, 33.793528253000034 ], [ -84.328972436999948, 33.793556402000036 ], [ -84.32898851899995, 33.793569939000065 ], [ -84.329050640999981, 33.793616416000077 ], [ -84.329112143999964, 33.793664554000031 ], [ -84.329192236999972, 33.793720698000072 ], [ -84.329240892999962, 33.793750859000056 ], [ -84.329331692999972, 33.793779398000027 ], [ -84.329399905999935, 33.793793773000061 ], [ -84.329467960999978, 33.793810470000039 ], [ -84.329485246, 33.793814713000074 ], [ -84.329541784999947, 33.793828057000042 ], [ -84.329596550999952, 33.79384583500007 ], [ -84.329649042999961, 33.793867882000029 ], [ -84.329698782999969, 33.793893997000055 ], [ -84.329867519999937, 33.793937302000074 ], [ -84.329808843999956, 33.793823751000048 ], [ -84.33066406599994, 33.79370850600003 ], [ -84.330671367999969, 33.793814618000056 ], [ -84.330671748999976, 33.793887798000071 ], [ -84.330667498999958, 33.793960884000057 ], [ -84.330617533999941, 33.794984914000054 ], [ -84.330617838999956, 33.795035924000047 ], [ -84.330625533999978, 33.795086524000055 ], [ -84.330640504999963, 33.795135980000055 ], [ -84.330662527999948, 33.795183560000055 ], [ -84.330691281999975, 33.795228567000038 ], [ -84.330728435999958, 33.795272083000043 ], [ -84.330772147999937, 33.795311121000054 ], [ -84.330821652999987, 33.795345003000079 ], [ -84.33087607899995, 33.795373127000062 ], [ -84.330934476999971, 33.79539500900006 ], [ -84.330980846999978, 33.795408337000026 ], [ -84.331044194999947, 33.795423262000043 ], [ -84.331108568, 33.795434731000057 ], [ -84.331173694999961, 33.795442695000077 ], [ -84.331038210999964, 33.796061884000039 ], [ -84.330741974999967, 33.796064517000048 ], [ -84.330731403999948, 33.796064613000055 ], [ -84.333214510999937, 33.798389544000031 ], [ -84.334688902999972, 33.799769930000025 ], [ -84.334697625999979, 33.799864769000067 ], [ -84.334876706999978, 33.800017035000053 ], [ -84.33486972999998, 33.799941177000051 ], [ -84.334869043999959, 33.799933741000075 ], [ -84.334866394999949, 33.799904946000026 ], [ -84.335032527999942, 33.800058962000037 ], [ -84.335285750999958, 33.80029371300003 ], [ -84.335495981999941, 33.800488611000048 ], [ -84.335559, 33.800547029000029 ], [ -84.336166635999973, 33.801110326000071 ], [ -84.336226107999948, 33.80116545900006 ], [ -84.33620080999998, 33.801202484000044 ], [ -84.336191671999984, 33.80121586100006 ], [ -84.336138654999957, 33.801243982000074 ], [ -84.336071806999939, 33.801279444000045 ], [ -84.335964468999975, 33.801375757000073 ], [ -84.33593641799996, 33.801516966000065 ], [ -84.335914136999975, 33.80162912000003 ], [ -84.335987886999987, 33.801918713000077 ], [ -84.33605406099997, 33.802082197000061 ], [ -84.337376692999953, 33.80160713600003 ], [ -84.33743538899995, 33.801710769000067 ], [ -84.337461121999979, 33.801756199000067 ], [ -84.337533383999983, 33.801885928000047 ], [ -84.337672071999975, 33.802134874000046 ], [ -84.337710329999936, 33.802203557000041 ], [ -84.33777471999997, 33.80233492900004 ], [ -84.338075110999966, 33.802220867000074 ], [ -84.338449455999978, 33.802089611000042 ], [ -84.338467709999975, 33.802083715000038 ], [ -84.338514640999961, 33.801538078000078 ], [ -84.338347284999941, 33.801228834000028 ], [ -84.338525490999984, 33.801153311000064 ], [ -84.338507822999986, 33.801042334000044 ], [ -84.338515605999987, 33.800686976000065 ], [ -84.338420548999977, 33.800494925000066 ], [ -84.338552917999948, 33.800332184000069 ], [ -84.33887419399997, 33.799947480000071 ], [ -84.339114595999945, 33.79959996000008 ], [ -84.341081996999947, 33.797094763000075 ], [ -84.340680812999949, 33.79671197600004 ], [ -84.340747872999941, 33.796600689000059 ], [ -84.341502975999958, 33.796541166000054 ], [ -84.341847136999945, 33.796108903000061 ], [ -84.340915471999949, 33.796106623000071 ], [ -84.341131669999982, 33.795649450000042 ], [ -84.341326159999937, 33.795512836000057 ], [ -84.341333719999966, 33.795133623000027 ], [ -84.341397523999944, 33.795041769000079 ], [ -84.340946110999937, 33.794706465000047 ], [ -84.341295154999955, 33.794378628000061 ], [ -84.341075520999937, 33.794159712000067 ], [ -84.341042945999959, 33.794136854000044 ], [ -84.340672056999949, 33.79448581500003 ], [ -84.340488902999937, 33.794345320000048 ], [ -84.340846510999938, 33.79399896700005 ], [ -84.340806568999938, 33.793970929000068 ], [ -84.340478662999942, 33.793649081000069 ], [ -84.339279093999949, 33.793649500000072 ], [ -84.339269542999943, 33.793072850000044 ], [ -84.339497895999955, 33.793194115000063 ], [ -84.340527719999955, 33.793018428000039 ], [ -84.340896940999983, 33.793003920000046 ], [ -84.341325142999949, 33.793115414000056 ], [ -84.341627575999951, 33.793276116000072 ], [ -84.342484815999967, 33.793905477000067 ], [ -84.34279576299997, 33.794122228000049 ], [ -84.343913200999964, 33.794772235000039 ], [ -84.343904585999951, 33.794935740000028 ], [ -84.343907551999962, 33.796118739000065 ], [ -84.344519038999977, 33.796125692000032 ], [ -84.344980251999971, 33.796114774000046 ], [ -84.344989492999957, 33.795411570000056 ], [ -84.345107006999967, 33.794143093000059 ], [ -84.345152758999973, 33.793586839000056 ], [ -84.345248301999959, 33.792423150000047 ], [ -84.345277161999945, 33.792071694000072 ], [ -84.344918751999955, 33.79207841300007 ], [ -84.344938065999941, 33.791363070000045 ], [ -84.344181512999967, 33.791256784000041 ], [ -84.344171678999942, 33.791255402000047 ], [ -84.344001094999953, 33.791231437000079 ], [ -84.344040041999961, 33.791095702000064 ], [ -84.344040901999961, 33.791055281000069 ], [ -84.344041721999986, 33.791017029000045 ], [ -84.344117445999984, 33.790971920000061 ], [ -84.344116122999935, 33.790917194000031 ], [ -84.344109180999965, 33.790629616000047 ], [ -84.344103123999957, 33.790506032000053 ], [ -84.343735, 33.790539 ], [ -84.343740743999945, 33.790638472000069 ], [ -84.343744079999965, 33.790776496000035 ], [ -84.343744872999935, 33.79080923500004 ], [ -84.343749368999966, 33.790995175000035 ], [ -84.343502455999953, 33.790981868000074 ], [ -84.343424546999984, 33.790977672000054 ], [ -84.343411798999966, 33.79109326400004 ], [ -84.343405759999939, 33.791147997000053 ], [ -84.343307577999951, 33.79113919200006 ], [ -84.343265691999989, 33.791135435000058 ], [ -84.34314405899994, 33.791124528000068 ], [ -84.343143944999952, 33.791124512000067 ], [ -84.343093545999977, 33.791119992000063 ], [ -84.342923334999966, 33.791104722000057 ], [ -84.342590173999952, 33.791074837000053 ], [ -84.342364358999987, 33.791054580000036 ], [ -84.342210405999936, 33.79048941800005 ], [ -84.342202742999973, 33.790460074000066 ], [ -84.342183506999959, 33.790365645000065 ], [ -84.342278396999973, 33.790332297000077 ], [ -84.342281852999974, 33.790237890000071 ], [ -84.34229179, 33.789966353000068 ], [ -84.342522192, 33.78996660200005 ], [ -84.342719682999984, 33.789966811000056 ], [ -84.342917172999989, 33.789967023000031 ], [ -84.343114658, 33.789967236000052 ], [ -84.343312147999939, 33.789967448000027 ], [ -84.343509637999944, 33.789967656000044 ], [ -84.343707128999938, 33.78996786700003 ], [ -84.343904613999939, 33.789968074000058 ], [ -84.344102103999944, 33.789968285000043 ], [ -84.344178038999985, 33.78996836500005 ], [ -84.344266682999944, 33.789968460000068 ], [ -84.344474041999945, 33.789968681000062 ], [ -84.344681406999939, 33.789968902000055 ], [ -84.344888772, 33.789969117000055 ], [ -84.345096135999938, 33.789969337000059 ], [ -84.345299185999977, 33.789969550000023 ], [ -84.345322805999956, 33.789969574000054 ], [ -84.345529587999977, 33.789969794000058 ], [ -84.345733352999957, 33.789970005000043 ], [ -84.345917186999941, 33.78997019600007 ], [ -84.346062810999967, 33.789970347000065 ], [ -84.346065654999961, 33.789839924000034 ], [ -84.346250651999981, 33.789841918000036 ], [ -84.346453966999945, 33.789844112000026 ], [ -84.346602452999946, 33.789845713000034 ], [ -84.346658005999984, 33.789845443000047 ], [ -84.346862079999937, 33.789844448000053 ], [ -84.346876552999959, 33.790398917000061 ], [ -84.346877995999989, 33.790454134000072 ], [ -84.346932289999984, 33.790444194000031 ], [ -84.347087033999969, 33.790415869000071 ], [ -84.347080818999984, 33.790354888000024 ], [ -84.34707948099998, 33.790308176000053 ], [ -84.347066173999963, 33.789843449000045 ], [ -84.347078980999981, 33.789843389000055 ], [ -84.347316310999986, 33.789842226000076 ], [ -84.347371760999977, 33.789841955000043 ], [ -84.347507276999977, 33.789841295000031 ], [ -84.347668608999982, 33.789840506000075 ], [ -84.347698592999961, 33.789840519000052 ], [ -84.347964842999943, 33.78984061500006 ], [ -84.347887280999942, 33.790340568000033 ], [ -84.347875450999936, 33.790408580000076 ], [ -84.347955852999974, 33.790421744000071 ], [ -84.348054839999975, 33.790437948000033 ], [ -84.348071217999973, 33.790375375000053 ], [ -84.348092890999965, 33.790304505000051 ], [ -84.348234747999982, 33.789840709000032 ], [ -84.348517814, 33.789840807000076 ], [ -84.348623144999976, 33.789840846000061 ], [ -84.348810236999952, 33.789840875000039 ], [ -84.348810726999943, 33.789610484000036 ], [ -84.348218506999956, 33.789259831000038 ], [ -84.348341903999938, 33.789119901000049 ], [ -84.348811314999978, 33.789391450000039 ], [ -84.348812778999957, 33.788823770000079 ], [ -84.348813767999957, 33.78843519600008 ], [ -84.348814072999971, 33.788315676000025 ], [ -84.348814321999953, 33.788216516000034 ], [ -84.348810011999944, 33.788216490000025 ], [ -84.348756867999953, 33.788216568000053 ], [ -84.348612526999943, 33.788216773000045 ], [ -84.348616549999974, 33.787625910000031 ], [ -84.34881403299994, 33.787625631000026 ], [ -84.348815810999952, 33.787625649000063 ], [ -84.348815950999949, 33.787570405000054 ], [ -84.34881620799996, 33.787552019000032 ], [ -84.348836367999979, 33.786041279000074 ], [ -84.34883730699994, 33.785970924000026 ], [ -84.348858714999949, 33.784366669000065 ], [ -84.348818280999978, 33.784366675000058 ], [ -84.348190738999961, 33.784359746000064 ], [ -84.348194704999969, 33.784208252000042 ], [ -84.348860746999947, 33.784214419000079 ], [ -84.348864952999975, 33.783899374000043 ], [ -84.348866449999946, 33.783830334000072 ], [ -84.348867951999978, 33.783760940000036 ], [ -84.348876185999984, 33.783219691000056 ], [ -84.348878783999965, 33.78304775600003 ], [ -84.348414980999962, 33.78304690300007 ], [ -84.348255089999952, 33.783046614000057 ], [ -84.348156352999979, 33.783046401000036 ], [ -84.34815774499998, 33.782924460000061 ], [ -84.347293794999985, 33.782923312000037 ], [ -84.347436598999934, 33.780399860000045 ], [ -84.347438727999986, 33.78023842500005 ], [ -84.346485122999979, 33.779843713000048 ], [ -84.345986909999965, 33.779637635000029 ], [ -84.345223527999963, 33.779315137000026 ], [ -84.34506874799996, 33.779314206000038 ], [ -84.339715136999985, 33.779282008000052 ], [ -84.338687514999947, 33.779275913000049 ], [ -84.339023760999964, 33.779538067000033 ], [ -84.338894471999936, 33.779676924000057 ], [ -84.338284090999935, 33.779274331000067 ], [ -84.337820600999976, 33.779272501000037 ], [ -84.337234099999989, 33.779157776000034 ], [ -84.336842449999949, 33.779268660000071 ], [ -84.335950491999938, 33.77926513400007 ], [ -84.335702211999944, 33.779264155000078 ], [ -84.335262048999937, 33.779106376000072 ], [ -84.335168720999945, 33.779262052000036 ], [ -84.333119053999951, 33.779597290000027 ], [ -84.332918802999984, 33.779602037000075 ], [ -84.332894003999968, 33.779373749000058 ], [ -84.333079871999985, 33.778821457000049 ], [ -84.332836484999973, 33.778661730000067 ], [ -84.332734399999936, 33.778594726000051 ], [ -84.332506663999936, 33.778445255000065 ], [ -84.332198858999959, 33.778243260000067 ], [ -84.331847550999953, 33.779227104000029 ], [ -84.331839791999982, 33.779248856000038 ], [ -84.330689119999988, 33.779242088000046 ], [ -84.330346740999971, 33.779240069000025 ], [ -84.330074072999935, 33.779238452000072 ], [ -84.33001373899998, 33.773511742000039 ], [ -84.330007235999972, 33.77228845500008 ], [ -84.33041708199994, 33.772654415000034 ], [ -84.330712798999969, 33.772328961000028 ], [ -84.331331753999962, 33.77164767000005 ], [ -84.330687373999979, 33.771642897000049 ], [ -84.330097519999981, 33.771638898000049 ], [ -84.328802413999938, 33.771630077000054 ], [ -84.328982938999957, 33.770963970000025 ], [ -84.329025867999974, 33.770552938000037 ], [ -84.32886560999998, 33.770554608000054 ], [ -84.328725129999953, 33.770556054000053 ], [ -84.328609167999957, 33.770557254000039 ], [ -84.328426675999935, 33.771459356000037 ], [ -84.328440732999979, 33.76785462600003 ], [ -84.328310083999952, 33.767884314000071 ], [ -84.327039412999966, 33.767872837000027 ], [ -84.32679885899995, 33.76787067600003 ], [ -84.326759358999936, 33.769544435000057 ], [ -84.326755666999986, 33.76970125400004 ], [ -84.325189406999982, 33.76967914800008 ], [ -84.325121553999963, 33.769678192000072 ], [ -84.325095095999984, 33.769677814000033 ], [ -84.322966898999937, 33.76964773800006 ], [ -84.322964998999964, 33.767785558000071 ], [ -84.321023177999962, 33.76778085400008 ], [ -84.321016029999953, 33.76757636800005 ], [ -84.319974711999976, 33.767560872000047 ], [ -84.31979000299998, 33.76755813300008 ], [ -84.319075445999943, 33.766128777000063 ], [ -84.319045795999955, 33.76612881300008 ], [ -84.31854500299994, 33.766129430000035 ], [ -84.317037064999965, 33.766131277000056 ], [ -84.317035936999957, 33.766050892000067 ], [ -84.317034249999949, 33.765932277000047 ], [ -84.317021403999945, 33.765020535000076 ], [ -84.317001131999973, 33.765020283000069 ], [ -84.316488026999934, 33.76501365200005 ], [ -84.316529396999954, 33.764830543000073 ], [ -84.316492642999947, 33.764792881000062 ], [ -84.316270792999944, 33.764565483000069 ], [ -84.315988358999959, 33.764275998000073 ], [ -84.315491475999977, 33.764436682000053 ], [ -84.314784197999984, 33.764583082000058 ], [ -84.314621575999979, 33.764581215000078 ], [ -84.314294473999951, 33.764623379000057 ], [ -84.31412007299997, 33.764640572000076 ], [ -84.31409585199998, 33.764640489000044 ], [ -84.312377456999968, 33.764749275000042 ], [ -84.312369241999988, 33.76372443300005 ], [ -84.312411218999955, 33.763641800000073 ], [ -84.312417764999964, 33.762551808000069 ], [ -84.31242492399997, 33.761355504000051 ], [ -84.312424925999949, 33.761355162000029 ], [ -84.312460853999937, 33.755351364000035 ], [ -84.312569430999986, 33.75527373500006 ], [ -84.310477608999975, 33.755274623000048 ], [ -84.31042539799995, 33.755022642000029 ], [ -84.310309537999956, 33.754738716000077 ], [ -84.310157286999981, 33.754490342000054 ], [ -84.309893545999955, 33.754173748000028 ], [ -84.310537012999987, 33.75366916300004 ], [ -84.31084500999998, 33.753399694000052 ], [ -84.311269421999953, 33.753061381000066 ], [ -84.311577383999975, 33.752773608000041 ], [ -84.312360011999942, 33.751929247000078 ], [ -84.312526251999941, 33.751749892000078 ], [ -84.312528384999951, 33.751747610000052 ], [ -84.31122613399998, 33.751772062000043 ], [ -84.311226103999957, 33.751774313000055 ], [ -84.311205123999969, 33.752350346000071 ], [ -84.304646992999949, 33.752357850000067 ], [ -84.304131748999964, 33.753415185000051 ], [ -84.304091244999938, 33.753498172000036 ], [ -84.304091740999979, 33.753499433000059 ], [ -84.304116588999989, 33.753563991000078 ], [ -84.304118203999963, 33.753568194000025 ], [ -84.304119365999952, 33.753572286000065 ], [ -84.304120290999947, 33.753576572000043 ], [ -84.304120988999955, 33.753581053000062 ], [ -84.304121127999963, 33.753585146000034 ], [ -84.304120937999983, 33.753589491000071 ], [ -84.304120712999975, 33.75359386100007 ], [ -84.30412006399996, 33.753598174000047 ], [ -84.304114919999961, 33.753612855000029 ], [ -84.304105894999964, 33.753626168000039 ], [ -84.304102642999965, 33.753629581000041 ], [ -84.304099030999964, 33.753632743000026 ], [ -84.304095447999941, 33.753635880000047 ], [ -84.304091834999952, 33.753638662000071 ], [ -84.304087495999966, 33.753641359000028 ], [ -84.30408315699998, 33.753643784000076 ], [ -84.304078846999971, 33.75364593200004 ], [ -84.304074146999938, 33.753647916000034 ], [ -84.304069475999938, 33.75364959500007 ], [ -84.304064774999972, 33.753651031000061 ], [ -84.304059742999982, 33.753652302000035 ], [ -84.304054710999935, 33.753653186000065 ], [ -84.304049643999974, 33.753653904000032 ], [ -84.304044249999947, 33.75365424000006 ], [ -84.304039250999949, 33.75365441100007 ], [ -84.304034181999953, 33.753654227000027 ], [ -84.304028752999955, 33.753653874000065 ], [ -84.304023717999939, 33.753653138000061 ], [ -84.304018682999981, 33.75365223600005 ], [ -84.304013646999977, 33.753651059000049 ], [ -84.304008970999973, 33.753649609000036 ], [ -84.304004299999974, 33.753647883000042 ], [ -84.303999622999982, 33.753645909000056 ], [ -84.303995310999937, 33.753643634000071 ], [ -84.303990993999946, 33.753641302000062 ], [ -84.303986680999969, 33.753638586000079 ], [ -84.303983058999961, 33.753635704000033 ], [ -84.303979105999986, 33.753632740000057 ], [ -84.303975872999956, 33.753629475000025 ], [ -84.303972644999988, 33.753626069000063 ], [ -84.303969776999963, 33.753622445000076 ], [ -84.303967268999941, 33.753618766000045 ], [ -84.303964765999979, 33.753614894000066 ], [ -84.303962947999935, 33.753610910000077 ], [ -84.303961164999976, 33.753606872000034 ], [ -84.303959741999961, 33.753602722000039 ], [ -84.303958288999979, 33.753598494000073 ], [ -84.303957591999961, 33.753594261000046 ], [ -84.303957253999954, 33.753589945000044 ], [ -84.30395688699997, 33.753585634000046 ], [ -84.303956983999967, 33.753584698000054 ], [ -84.303941397999949, 33.753550005000079 ], [ -84.303834305999942, 33.753550507000057 ], [ -84.303790614999969, 33.753550696000048 ], [ -84.302462375999937, 33.753556917000026 ], [ -84.302462414, 33.753559172000053 ], [ -84.302491701999941, 33.754793599000038 ], [ -84.29751467799997, 33.754335207000054 ], [ -84.29725419, 33.75432976500008 ], [ -84.29700735199998, 33.75427849600004 ], [ -84.296760431999985, 33.754172263000044 ], [ -84.296588908999979, 33.754057924000051 ], [ -84.296403589999954, 33.753892069000074 ], [ -84.296225184999969, 33.753772019000053 ], [ -84.295985111999983, 33.75364632000003 ], [ -84.295875358999979, 33.753606365000053 ], [ -84.291930329999957, 33.753364214000044 ], [ -84.290566695999985, 33.753142404000073 ], [ -84.290565969999989, 33.753142297000068 ], [ -84.290593883999975, 33.753060094000034 ], [ -84.290735557999938, 33.752331061000064 ], [ -84.290819953999971, 33.751558470000077 ], [ -84.290974920999986, 33.749398044000031 ], [ -84.290961626999945, 33.748847995000062 ], [ -84.290961589999938, 33.748845740000036 ], [ -84.290904441999942, 33.748594909000076 ], [ -84.290802528999961, 33.747870160000048 ], [ -84.290717263999966, 33.74746534500008 ], [ -84.290726878999976, 33.747171686000058 ], [ -84.290726939999956, 33.74716948400004 ], [ -84.290641566999966, 33.74703138700005 ], [ -84.289616028999944, 33.744824903000051 ], [ -84.28961497399996, 33.744822624000051 ], [ -84.29089094699998, 33.744848279000053 ], [ -84.290957748999972, 33.744770822000078 ], [ -84.290958438999951, 33.744770021000079 ], [ -84.290102435999984, 33.742997210000055 ], [ -84.289711072999978, 33.742176338000036 ], [ -84.289710147999983, 33.74217438900007 ], [ -84.290229874999966, 33.742009469000038 ], [ -84.290231191999965, 33.74200905500004 ], [ -84.290181782, 33.741939626000033 ], [ -84.29021075299994, 33.741038195000044 ], [ -84.290210783999953, 33.741035944000032 ], [ -84.289868622999961, 33.741148139000074 ], [ -84.289809426999966, 33.741022189000034 ], [ -84.289808505999986, 33.741020240000068 ], [ -84.290215603999968, 33.740886762000059 ], [ -84.290219410999953, 33.740768228000036 ], [ -84.290219441999966, 33.740765973000066 ], [ -84.29024487099997, 33.740443988000038 ], [ -84.29025418699996, 33.740333445000033 ], [ -84.290259567999954, 33.740004856000041 ], [ -84.290264448999949, 33.739708064000069 ], [ -84.289903860999971, 33.739827731000048 ], [ -84.289884639999968, 33.739788443000066 ], [ -84.289840857999934, 33.739698969000074 ], [ -84.29018700599994, 33.739583868000068 ], [ -84.290266929999973, 33.739557293000075 ], [ -84.290268222999941, 33.739478666000025 ], [ -84.290268283999978, 33.739476275000072 ], [ -84.290277335999974, 33.738927274000048 ], [ -84.290277396999954, 33.738925019000078 ], [ -84.290278971999953, 33.738877721000051 ], [ -84.290279037999937, 33.738875466000025 ], [ -84.290457500999935, 33.738881607000053 ], [ -84.290463713999941, 33.73887833200007 ], [ -84.290486, 33.738866519000055 ], [ -84.290535733999945, 33.738840140000036 ], [ -84.290574781999965, 33.73886247300004 ], [ -84.290595917999951, 33.738874572000043 ], [ -84.290616561999968, 33.738887083000066 ], [ -84.291028597999968, 33.73890126200007 ], [ -84.291084062999971, 33.738903156000049 ], [ -84.291134051999961, 33.738872299000036 ], [ -84.291185975999952, 33.73890665600004 ], [ -84.293355904999942, 33.738981261000049 ], [ -84.293470456999955, 33.738942612000073 ], [ -84.293552025999986, 33.739002550000066 ], [ -84.293552519999935, 33.739002632000052 ], [ -84.294210876999955, 33.739106168000035 ], [ -84.295308432999946, 33.739431770000067 ], [ -84.295391810999945, 33.738521022000043 ], [ -84.297852312999964, 33.73858507500006 ], [ -84.297860039999989, 33.738322911000068 ], [ -84.297860100999969, 33.738320656000042 ], [ -84.296782343999951, 33.738290825000036 ], [ -84.296793599999944, 33.737958157000037 ], [ -84.296793549999961, 33.737958157000037 ], [ -84.296799208999971, 33.737790621000045 ], [ -84.296806946999936, 33.73755625900003 ], [ -84.297070121, 33.737563311000031 ], [ -84.29710277099997, 33.73756417900006 ], [ -84.297111728999937, 33.737294949000045 ], [ -84.296815859999981, 33.737286381000047 ], [ -84.296825650999949, 33.737039192000054 ], [ -84.297908985999982, 33.73706736400004 ], [ -84.298794212999951, 33.737066412000047 ], [ -84.298774600999934, 33.737682652000046 ], [ -84.298449615999971, 33.737675814000056 ], [ -84.298416789999976, 33.738599756000042 ], [ -84.300385389999974, 33.738650954000036 ], [ -84.300515810999968, 33.739173450000067 ], [ -84.300576664999937, 33.738020145000064 ], [ -84.300460901999941, 33.738016515000027 ], [ -84.300407188999941, 33.738014833000079 ], [ -84.299913691999961, 33.738004620000027 ], [ -84.299918532999982, 33.737867265000034 ], [ -84.300411998999948, 33.737877474000072 ], [ -84.300583840999934, 33.737884189000056 ], [ -84.300605442999938, 33.737474791000068 ], [ -84.302447252999968, 33.737488280000036 ], [ -84.305575770999951, 33.737538968000024 ], [ -84.305542336999963, 33.738843689000078 ], [ -84.305574627999988, 33.738844110000059 ], [ -84.305814362999968, 33.738851384000043 ], [ -84.305825524999989, 33.738380665000079 ], [ -84.305998571999964, 33.738384765000035 ], [ -84.305982295999968, 33.738856480000038 ], [ -84.306055929999957, 33.73885871400006 ], [ -84.30604154699995, 33.739262254000039 ], [ -84.306039687999942, 33.739314388000025 ], [ -84.306588805999979, 33.739329676000068 ], [ -84.306588832999978, 33.73932820400006 ], [ -84.306575247999945, 33.738874472000077 ], [ -84.306584332999989, 33.738680478000049 ], [ -84.306671651999977, 33.738678569000058 ], [ -84.307164991999969, 33.738689309000051 ], [ -84.307163641999978, 33.738826713000037 ], [ -84.307110402999967, 33.73882548000006 ], [ -84.307047715999943, 33.738824030000046 ], [ -84.306965057999946, 33.738822112000037 ], [ -84.306964721999975, 33.738822104000064 ], [ -84.306853754999963, 33.738819534000072 ], [ -84.306833641999958, 33.738819145000036 ], [ -84.306835977999981, 33.738956640000026 ], [ -84.306834652999953, 33.739110139000047 ], [ -84.306833498999936, 33.739243685000076 ], [ -84.306832696999948, 33.739336465000065 ], [ -84.30781559899998, 33.739363818000072 ], [ -84.307816229999958, 33.739281634000065 ], [ -84.307819071999972, 33.738910990000079 ], [ -84.308058806999952, 33.738918025000032 ], [ -84.308053652999945, 33.739370443000041 ], [ -84.308798116999981, 33.739391156000067 ], [ -84.308798139999965, 33.739339173000076 ], [ -84.308798321999973, 33.738938002000054 ], [ -84.308977307999953, 33.738942838000071 ], [ -84.308966065999982, 33.739395827000067 ], [ -84.311104908999937, 33.739455308000061 ], [ -84.311342000999957, 33.739523820000045 ], [ -84.313956133999966, 33.739586960000054 ], [ -84.313949878999949, 33.739429385000051 ], [ -84.31392950299994, 33.738919771000042 ], [ -84.313928604999944, 33.738897070000064 ], [ -84.313906956999972, 33.738355990000059 ], [ -84.313901361999967, 33.738217650000024 ], [ -84.313901322999982, 33.738215399000069 ], [ -84.313347895999982, 33.738216057000045 ], [ -84.312687951999976, 33.738216840000064 ], [ -84.312686209999981, 33.738216842000043 ], [ -84.312728123999989, 33.738162789000057 ], [ -84.312737083999934, 33.738150658000052 ], [ -84.312859113999934, 33.737988281000071 ], [ -84.312944658999982, 33.737863024000035 ], [ -84.313026613999966, 33.73773606900005 ], [ -84.313131495999983, 33.737567615000046 ], [ -84.313144747999957, 33.737546327000075 ], [ -84.313230666999971, 33.737409362000051 ], [ -84.313305626999977, 33.737289806000035 ], [ -84.313454821999983, 33.737048988000026 ], [ -84.313617143999977, 33.73678900200008 ], [ -84.313648637999961, 33.736739113000056 ], [ -84.314889628999936, 33.737242375000051 ], [ -84.315338365999935, 33.737424346000068 ], [ -84.315338270999973, 33.737426655000036 ], [ -84.315317285999981, 33.738019208000026 ], [ -84.315319456999987, 33.738362295000059 ], [ -84.315324321999981, 33.739123365000069 ], [ -84.315336856999977, 33.739561783000056 ], [ -84.315338502999964, 33.739620591000062 ], [ -84.318290409999975, 33.739735673000041 ], [ -84.320592254999951, 33.739568313000063 ], [ -84.320592293999937, 33.739570679000053 ], [ -84.320598045999986, 33.739716410000028 ], [ -84.320599699999946, 33.739758510000058 ], [ -84.320604352999965, 33.739877147000072 ], [ -84.320606214999941, 33.739924746000042 ], [ -84.320608180999955, 33.739975667000067 ], [ -84.320713559999945, 33.740095003000079 ], [ -84.320874935999939, 33.740032223000071 ], [ -84.320914842999969, 33.740017333000026 ], [ -84.321047892999957, 33.73997262000006 ], [ -84.321183849999954, 33.739934495000057 ], [ -84.321322217999978, 33.739903045000062 ], [ -84.321462541999949, 33.739878383000075 ], [ -84.321604357999945, 33.739860619000069 ], [ -84.321728814999972, 33.73985078700008 ], [ -84.321853715999964, 33.739846260000036 ], [ -84.321978719999947, 33.73984703900004 ], [ -84.322080863999986, 33.739848613000049 ], [ -84.323008063999964, 33.739865635000058 ], [ -84.323008003999973, 33.73986797200007 ], [ -84.322969375999946, 33.741042407000066 ], [ -84.322903550999968, 33.741042956000058 ], [ -84.322702885999945, 33.741044670000065 ], [ -84.322502253999971, 33.741046349000044 ], [ -84.322301587999959, 33.741048062000061 ], [ -84.322081189999949, 33.741049931000077 ], [ -84.321700126999986, 33.741183728000067 ], [ -84.321626289999983, 33.741209655000034 ], [ -84.321247231999962, 33.741342789000043 ], [ -84.320813567999949, 33.741495064000048 ], [ -84.320476951999979, 33.741613273000041 ], [ -84.320476891999988, 33.741615610000053 ], [ -84.320470623999938, 33.74177257000008 ], [ -84.320455110999944, 33.742165370000066 ], [ -84.320446106999952, 33.742393350000043 ], [ -84.320440662999943, 33.742530879000071 ], [ -84.320435247999967, 33.742668079000055 ], [ -84.320433297999955, 33.742717055000071 ], [ -84.320430558999988, 33.742786039000066 ], [ -84.320429803999957, 33.742805279000038 ], [ -84.320425143999955, 33.742923379000047 ], [ -84.32041862799997, 33.743088200000045 ], [ -84.320412112999975, 33.743252992000066 ], [ -84.320402323999986, 33.743500212000072 ], [ -84.320392530999982, 33.743747402000054 ], [ -84.320383814999957, 33.743968150000057 ], [ -84.320382776999963, 33.743994617000055 ], [ -84.320373866999944, 33.744219439000062 ], [ -84.32036795099998, 33.744369443000039 ], [ -84.320354918999953, 33.744698950000043 ], [ -84.320348616, 33.744891691000078 ], [ -84.320344123999973, 33.745029442000032 ], [ -84.320340816999988, 33.745131187000027 ], [ -84.320329587999936, 33.745475445000068 ], [ -84.320325098999945, 33.745614816000057 ], [ -84.320208915999956, 33.745454241000061 ], [ -84.319975522999982, 33.745131641000057 ], [ -84.319674291999945, 33.744715184000029 ], [ -84.31937377099996, 33.744750926000052 ], [ -84.319372259999966, 33.744733919000055 ], [ -84.319256397999936, 33.744735736000052 ], [ -84.317030732999967, 33.744770732000063 ], [ -84.317030701999954, 33.744772987000033 ], [ -84.317022092999935, 33.745248993000075 ], [ -84.316998368999975, 33.746565688000032 ], [ -84.320020696999961, 33.746612894000066 ], [ -84.320020700999976, 33.746615149000036 ], [ -84.320022002999963, 33.747346978000053 ], [ -84.320756091999954, 33.747359066000058 ], [ -84.320759593999981, 33.747349799000062 ], [ -84.320767565999972, 33.747337422000044 ], [ -84.320770786999958, 33.747333984000079 ], [ -84.320774136999944, 33.74733081800008 ], [ -84.32077761499994, 33.747327569000049 ], [ -84.320781557999965, 33.74732479000005 ], [ -84.320785500999989, 33.747321982000074 ], [ -84.320789611999942, 33.747319449000031 ], [ -84.320794276999948, 33.747317382000062 ], [ -84.320798812999953, 33.747315340000057 ], [ -84.320803517999934, 33.747313578000046 ], [ -84.320808217999968, 33.747311895000053 ], [ -84.32081328299995, 33.747310705000075 ], [ -84.320818181999982, 33.74730962700005 ], [ -84.320823312999948, 33.747308825000061 ], [ -84.320828477999953, 33.747308407000048 ], [ -84.320833540999956, 33.747308042000043 ], [ -84.320838841999944, 33.747308365000038 ], [ -84.320843840999942, 33.747308523000072 ], [ -84.320849171999953, 33.747309205000079 ], [ -84.32085417199994, 33.747310159000051 ], [ -84.32085914299995, 33.747311171000035 ], [ -84.320864080999968, 33.747312596000029 ], [ -84.320868820999976, 33.74731421000007 ], [ -84.320873329999984, 33.747315989000072 ], [ -84.320877843999938, 33.74731818500004 ], [ -84.320882121999944, 33.747320571000046 ], [ -84.320886271999939, 33.747323064000057 ], [ -84.320890357999986, 33.747326084000065 ], [ -84.320894048999946, 33.747328990000028 ], [ -84.320897375999948, 33.747332094000058 ], [ -84.320900870999935, 33.747335577000058 ], [ -84.320903768999983, 33.74733911900006 ], [ -84.320906509999986, 33.747342743000047 ], [ -84.320908914999961, 33.747346644000061 ], [ -84.320910964999939, 33.747350463000032 ], [ -84.320912777999979, 33.747354418000043 ], [ -84.320914364999965, 33.747358621000046 ], [ -84.320915228999979, 33.747361671000078 ], [ -84.321553120999965, 33.747372167000037 ], [ -84.322080039999946, 33.747380822000025 ], [ -84.32293819399996, 33.747394934000056 ], [ -84.323139242999957, 33.747398224000051 ], [ -84.323215740999956, 33.74736481900004 ], [ -84.323327405999976, 33.747316090000027 ], [ -84.323480184999937, 33.747403839000071 ], [ -84.32409531199994, 33.747413940000058 ], [ -84.324298672999987, 33.747278136000034 ], [ -84.324470629999951, 33.747420085000044 ], [ -84.325090820999947, 33.747430281000049 ], [ -84.325177888999974, 33.747386501000051 ], [ -84.325297693999971, 33.747326272000066 ], [ -84.325493448999964, 33.747436883000034 ], [ -84.326089754999941, 33.747446668000066 ], [ -84.326288817999966, 33.747352556000067 ], [ -84.326459910999972, 33.747452732000056 ], [ -84.326603088999946, 33.747455073000026 ], [ -84.326814339999942, 33.747458538000046 ], [ -84.326993739999978, 33.74746149200007 ], [ -84.327253933999941, 33.747372275000032 ], [ -84.327486446999956, 33.747469562000049 ], [ -84.328114340999946, 33.747479848000069 ], [ -84.328625109999962, 33.747488220000037 ], [ -84.328633539999942, 33.747231767000073 ], [ -84.328702130999943, 33.745146962000035 ], [ -84.328709361999984, 33.745055931000024 ], [ -84.328708358999961, 33.744960759000037 ], [ -84.328699969999946, 33.744874199000037 ], [ -84.32868252999998, 33.744784218000063 ], [ -84.328661003999969, 33.744707982000079 ], [ -84.328632897999967, 33.744632769000077 ], [ -84.328312301999972, 33.743837239000072 ], [ -84.328273466999974, 33.743742834000045 ], [ -84.328244548999976, 33.743671059000064 ], [ -84.328208183999948, 33.743574919000025 ], [ -84.328182550999941, 33.74350245200003 ], [ -84.328149470999961, 33.743405620000033 ], [ -84.328125484999987, 33.743332821000024 ], [ -84.328095694999945, 33.74323497000006 ], [ -84.327893757999959, 33.74256017600004 ], [ -84.327857352999956, 33.742442406000066 ], [ -84.327822616999981, 33.742338377000067 ], [ -84.327786236999941, 33.742234318000044 ], [ -84.327748210999971, 33.742130953000071 ], [ -84.327713501999938, 33.742040990000078 ], [ -84.327667231999953, 33.741925653000067 ], [ -84.327624274999948, 33.741823667000062 ], [ -84.327578850999942, 33.741722398000036 ], [ -84.327532608999945, 33.741621431000056 ], [ -84.327490501999989, 33.74153354300006 ], [ -84.327453353999942, 33.741458729000044 ], [ -84.327150419999953, 33.740864122000062 ], [ -84.327115742999979, 33.740790982000078 ], [ -84.327081050999936, 33.740709952000032 ], [ -84.327051291999965, 33.740627873000051 ], [ -84.327021504999948, 33.740531064000038 ], [ -84.327004104999958, 33.740461006000032 ], [ -84.326989993999973, 33.740390585000057 ], [ -84.326975856999979, 33.740305411000065 ], [ -84.326928270999986, 33.739924151000025 ], [ -84.327730647999942, 33.739933743000051 ], [ -84.328556616999947, 33.739943600000061 ], [ -84.329391399999963, 33.73995357900003 ], [ -84.329391032, 33.739654703000042 ], [ -84.329390903, 33.739549586000066 ], [ -84.329373608999958, 33.739536635000036 ], [ -84.329373548999968, 33.739541829000075 ], [ -84.328933941999935, 33.739213635000056 ], [ -84.328849596999987, 33.739126211000041 ], [ -84.328737437999962, 33.738959789000035 ], [ -84.328725229999975, 33.738941143000034 ], [ -84.328738081999973, 33.738935054000024 ], [ -84.328750156999945, 33.738953671000047 ], [ -84.329176439999969, 33.738755867000066 ], [ -84.328596603999983, 33.737765470000056 ], [ -84.328928979999944, 33.73776833200003 ], [ -84.329343730999938, 33.737771743000053 ], [ -84.329388366999979, 33.737772121000035 ], [ -84.329384562999962, 33.735359946000074 ], [ -84.329260998999985, 33.73535533900008 ], [ -84.329272927999966, 33.735623708000048 ], [ -84.32901236899994, 33.735620040000072 ], [ -84.329011585999979, 33.735885387000053 ], [ -84.325723437999955, 33.736581502000035 ], [ -84.324702718999959, 33.735546147000036 ], [ -84.324622661999967, 33.735488993000047 ], [ -84.324621752999974, 33.734992778000048 ], [ -84.324433291999981, 33.734988249000025 ], [ -84.324318963999985, 33.73492636900005 ], [ -84.324221775999945, 33.734869238000044 ], [ -84.323998420999942, 33.734521217000065 ], [ -84.323288296999976, 33.733424722000052 ], [ -84.322955386999979, 33.732489971000064 ], [ -84.322937974999945, 33.732337312000027 ], [ -84.323765762999983, 33.732202667000024 ], [ -84.323772058999964, 33.732522334000066 ], [ -84.32385789999995, 33.732622424000056 ], [ -84.324464732999957, 33.733447081000065 ], [ -84.32492106899997, 33.733164991000024 ], [ -84.324846625999953, 33.73305534800005 ], [ -84.325337146999971, 33.732730270000047 ], [ -84.325432955999986, 33.732685617000072 ], [ -84.326053207999962, 33.732396551000079 ], [ -84.326003126999979, 33.73233459000005 ], [ -84.326587338999957, 33.732290950000049 ], [ -84.326580583999942, 33.732706005000068 ], [ -84.327003248999972, 33.732685756000024 ], [ -84.327222844999937, 33.732675239000059 ], [ -84.327429219999942, 33.732665353000073 ], [ -84.327660428999934, 33.732649139000046 ], [ -84.327657998999939, 33.732938370000056 ], [ -84.327655742, 33.733541970000033 ], [ -84.328255346999981, 33.733536413000024 ], [ -84.328254997999977, 33.733350332000043 ], [ -84.328339704999962, 33.733350580000035 ], [ -84.329381391999959, 33.733353623000028 ], [ -84.329381053999953, 33.733139012000038 ], [ -84.329377128999965, 33.730650372000071 ], [ -84.329272662999983, 33.730634020000025 ], [ -84.329164897999988, 33.730610475000049 ], [ -84.329070280999986, 33.730583804000048 ], [ -84.32898881999995, 33.730556068000055 ], [ -84.327010385999984, 33.729689516000064 ], [ -84.326929192999955, 33.729751816000032 ], [ -84.326852990999953, 33.729810259000033 ], [ -84.326004230999956, 33.72939199800004 ], [ -84.324906852999959, 33.728761503000044 ], [ -84.324187556999959, 33.728317723000032 ], [ -84.323721684999953, 33.727867384000035 ], [ -84.322216562999984, 33.726941188000069 ], [ -84.322186688999977, 33.726922806000061 ], [ -84.320962688999941, 33.726169602000027 ], [ -84.321791549999944, 33.72577655200007 ], [ -84.323868527999934, 33.724791583000069 ], [ -84.324281117999988, 33.724205899000026 ], [ -84.325704191999989, 33.723685913000054 ], [ -84.326561038999955, 33.723300105000078 ], [ -84.326562714999966, 33.723299360000055 ], [ -84.326649809999935, 33.723265225000034 ], [ -84.326655660999961, 33.723262691000059 ], [ -84.326735252999981, 33.723228343000073 ], [ -84.326809288999982, 33.723194307000028 ], [ -84.326819871999987, 33.723189429000058 ], [ -84.326830123999969, 33.723184222000043 ], [ -84.326902019999977, 33.723147740000059 ], [ -84.326972461999958, 33.723109475000058 ], [ -84.326982515999987, 33.723104020000051 ], [ -84.327061364999963, 33.723057883000024 ], [ -84.327138566999963, 33.723009361000038 ], [ -84.327213292999943, 33.722958748000053 ], [ -84.327285551999978, 33.722905751000042 ], [ -84.327356160999955, 33.722851050000031 ], [ -84.327424302999987, 33.722794266000051 ], [ -84.327432508999948, 33.722786918000054 ], [ -84.327489970999977, 33.722735424000064 ], [ -84.327545258999976, 33.722682173000067 ], [ -84.327553166999962, 33.722674549000033 ], [ -84.327582941999935, 33.722643839000057 ], [ -84.327613898999971, 33.72261194500004 ], [ -84.327672155999949, 33.722547972000029 ], [ -84.327727123999978, 33.722481942000059 ], [ -84.327779617999965, 33.722414542000024 ], [ -84.327829646999987, 33.722345769000071 ], [ -84.327876381999943, 33.722275273000037 ], [ -84.328610055999945, 33.721092226000053 ], [ -84.328672346999952, 33.72098872600003 ], [ -84.328722339999956, 33.720901760000061 ], [ -84.32876085099997, 33.720831629000031 ], [ -84.328807550999954, 33.720743295000034 ], [ -84.328843597999935, 33.720672123000043 ], [ -84.32887799599996, 33.720600621000074 ], [ -84.328919758999973, 33.720510561000026 ], [ -84.328952508999976, 33.720438376000061 ], [ -84.328990160999979, 33.720347304000029 ], [ -84.329033528999958, 33.720237315000077 ], [ -84.329061346999936, 33.720163405000051 ], [ -84.329099779999979, 33.720052379000037 ], [ -84.329135749999978, 33.719940697000027 ], [ -84.329163524999956, 33.719846893000067 ], [ -84.329189660999987, 33.719752727000071 ], [ -84.329213325999945, 33.719658569000046 ], [ -84.329231272999948, 33.719582611000078 ], [ -84.329251644999943, 33.719487410000056 ], [ -84.329272810999953, 33.719373357000052 ], [ -84.329290691999972, 33.719265108000059 ], [ -84.329271477999953, 33.719103671000028 ], [ -84.329342596999936, 33.718448115000058 ], [ -84.329911549999963, 33.718447365000031 ], [ -84.330101363999972, 33.71838802700006 ], [ -84.330685939999967, 33.71838725200007 ], [ -84.330691179999974, 33.718548378000037 ], [ -84.330780795999942, 33.718979380000064 ], [ -84.330808882999975, 33.719047692000061 ], [ -84.330840252999963, 33.71911534000003 ], [ -84.33088646899995, 33.719206985000028 ], [ -84.330931847999977, 33.71928904300006 ], [ -84.330976385999975, 33.71936181500007 ], [ -84.331028334999985, 33.719441114000062 ], [ -84.331078624999975, 33.719511103000059 ], [ -84.331136320999974, 33.719587291000039 ], [ -84.331191537999985, 33.719654577000028 ], [ -84.331243447999952, 33.719712906000041 ], [ -84.331323366999982, 33.719798327000035 ], [ -84.331386792999979, 33.719860079000057 ], [ -84.331452682999952, 33.719920454000032 ], [ -84.331518580999955, 33.719982532000074 ], [ -84.331583658999989, 33.720049088000053 ], [ -84.331652864999967, 33.720122539000045 ], [ -84.331714661999968, 33.720191165000074 ], [ -84.331774817999985, 33.720260806000056 ], [ -84.33182756399998, 33.72032499200003 ], [ -84.33187454199998, 33.720383302000073 ], [ -84.331934709999985, 33.72046154700007 ], [ -84.332053404999954, 33.720616337000024 ], [ -84.332383086999982, 33.72145925600006 ], [ -84.333017091999977, 33.723627829000066 ], [ -84.333002138999973, 33.723975834000044 ], [ -84.333003929999961, 33.724049705000027 ], [ -84.333008180999968, 33.724123218000045 ], [ -84.333014080999988, 33.724197083000035 ], [ -84.333021622, 33.724270229000069 ], [ -84.333032472999946, 33.724355771000035 ], [ -84.333044128999973, 33.724428911000075 ], [ -84.333059912999943, 33.724514088000035 ], [ -84.333075676999954, 33.72458653800004 ], [ -84.333093083999984, 33.724659015000043 ], [ -84.333116270999938, 33.724742805000062 ], [ -84.333137784999963, 33.72481422900006 ], [ -84.333165079999958, 33.724897329000044 ], [ -84.333197319999954, 33.724986606000073 ], [ -84.333232025999962, 33.725075190000041 ], [ -84.333265062999942, 33.725150392000046 ], [ -84.333298917999969, 33.725224879000052 ], [ -84.33338069399997, 33.725417833000051 ], [ -84.333554767999942, 33.725799476000077 ], [ -84.333685159999959, 33.725798286000042 ], [ -84.333680495999943, 33.725748671000076 ], [ -84.334366814999953, 33.725729133000073 ], [ -84.334368454999947, 33.725983915000029 ], [ -84.334621971, 33.725978323000049 ], [ -84.334869789999971, 33.725976077000041 ], [ -84.335141578999981, 33.725969980000059 ], [ -84.33514256899997, 33.725890775000039 ], [ -84.33582882099995, 33.725884037000071 ], [ -84.335857119999957, 33.725818897000067 ], [ -84.336478947999979, 33.725814466000031 ], [ -84.3364772, 33.726482618000034 ], [ -84.336625663999939, 33.726483605000055 ], [ -84.336677379999969, 33.726647251000031 ], [ -84.336731897999982, 33.726785540000037 ], [ -84.336735155999975, 33.72698891400006 ], [ -84.336695525999971, 33.727162526000029 ], [ -84.336659125999972, 33.727162576000069 ], [ -84.336655709999945, 33.727221659000065 ], [ -84.336496669999974, 33.727310113000044 ], [ -84.336137106999956, 33.727401259000032 ], [ -84.335901515999979, 33.727394128000071 ], [ -84.335594482999966, 33.727325664000034 ], [ -84.335231052999973, 33.727339818000075 ], [ -84.33535167499997, 33.727919006000036 ], [ -84.335213176999957, 33.727979852000033 ], [ -84.335075587999938, 33.727703304000045 ], [ -84.334970432999967, 33.727438579000079 ], [ -84.334563129999935, 33.727448491000075 ], [ -84.334353774999954, 33.727453586000024 ], [ -84.334944509999957, 33.728727045000028 ], [ -84.335686889999977, 33.729279992000045 ], [ -84.335973875999969, 33.729493747000049 ], [ -84.336975805999941, 33.730314458000066 ], [ -84.337224147999962, 33.730517844000076 ], [ -84.337352696999972, 33.730653705000066 ], [ -84.33859790799994, 33.731597383000064 ], [ -84.338703338999949, 33.731685509000044 ], [ -84.338997395999968, 33.731930740000053 ], [ -84.339987892999943, 33.733006918000058 ], [ -84.340033067999968, 33.732408036000038 ], [ -84.34472601899995, 33.732441333000054 ], [ -84.344726106999985, 33.732416863000026 ], [ -84.344747333999976, 33.731915796000067 ], [ -84.344157092999978, 33.731881787000077 ], [ -84.34415723099994, 33.731835917000069 ], [ -84.344157913999936, 33.731794169000068 ], [ -84.34416466, 33.731382493000069 ], [ -84.344167587999948, 33.731203869000069 ], [ -84.344707712999934, 33.731208175000063 ], [ -84.344707699999958, 33.73120867800003 ], [ -84.344872243999987, 33.731206037000049 ], [ -84.344933776999937, 33.731207605000066 ], [ -84.345414712999968, 33.731219834000058 ], [ -84.345414990999984, 33.731370705000074 ], [ -84.34527413099994, 33.731381371000055 ], [ -84.345399405999956, 33.731758991000049 ], [ -84.345457863999968, 33.731890646000068 ], [ -84.345496768999965, 33.731881347000069 ], [ -84.345558679999954, 33.731869896000035 ], [ -84.345567765999988, 33.732377514000063 ], [ -84.345569316999956, 33.732447300000047 ], [ -84.348012031999986, 33.732464543000049 ], [ -84.348031042999935, 33.732464704000051 ], [ -84.348598294999988, 33.732469699000035 ], [ -84.348601740999982, 33.731374180000046 ], [ -84.348606913999959, 33.730304795000052 ], [ -84.348606965999977, 33.730296797000051 ], [ -84.348607616999971, 33.730153889000064 ], [ -84.348608460999969, 33.729976296000075 ], [ -84.348609227999987, 33.729811452000035 ], [ -84.348610163999979, 33.729614512000069 ], [ -84.348610930999939, 33.729449639000052 ], [ -84.34861170299996, 33.729284743000051 ], [ -84.348612454999966, 33.729126747000066 ], [ -84.34861437099994, 33.728989328000068 ], [ -84.348616652999965, 33.728824787000065 ], [ -84.348619137999947, 33.728646148000053 ], [ -84.348621160999983, 33.728499194000051 ], [ -84.348623477, 33.728334295000025 ], [ -84.348625763999962, 33.728169424000043 ], [ -84.348628045999988, 33.728004550000037 ], [ -84.348630326999967, 33.727839651000068 ], [ -84.34863250099994, 33.727684151000062 ], [ -84.348633875999951, 33.727618302000053 ], [ -84.348635366999986, 33.727546046000043 ], [ -84.348639164999952, 33.72736589200008 ], [ -84.34864248699995, 33.727209813000059 ], [ -84.348645986999941, 33.727044941000031 ], [ -84.34864945299995, 33.72688006900006 ], [ -84.348652952999942, 33.726715193000075 ], [ -84.348656418999951, 33.726550349000036 ], [ -84.348659918999942, 33.726385502000028 ], [ -84.348662623999985, 33.726248086000055 ], [ -84.348673552999969, 33.725629158000061 ], [ -84.348683308999966, 33.725078968000048 ], [ -84.348686895999947, 33.724875428000075 ], [ -84.34868894799996, 33.724758679000047 ], [ -84.348691328999962, 33.724624532000064 ], [ -84.348694620999936, 33.724438113000076 ], [ -84.348699641999985, 33.724152642000035 ], [ -84.34870460999997, 33.723871928000051 ], [ -84.348705619999976, 33.723789507000049 ], [ -84.348709102999976, 33.723509068000055 ], [ -84.348710900999947, 33.723363103000054 ], [ -84.348718289999965, 33.72276628000003 ], [ -84.348727675999953, 33.722008046000042 ], [ -84.34816697399998, 33.721667155000034 ], [ -84.347788639999976, 33.721174606000034 ], [ -84.346239610999987, 33.721088946000066 ], [ -84.345568602999947, 33.720546429000024 ], [ -84.345768477999968, 33.72006101900007 ], [ -84.347567349999963, 33.719968220000055 ], [ -84.348266911999985, 33.719918251000024 ], [ -84.348324018999961, 33.719982496000057 ], [ -84.348295464999978, 33.721110361000058 ], [ -84.348545308999974, 33.721545802000037 ], [ -84.349470267999948, 33.721638704000043 ], [ -84.349471025999947, 33.721555850000072 ], [ -84.349490118999938, 33.719484893000072 ], [ -84.34950839399994, 33.719448861000046 ], [ -84.34949054599997, 33.71942096600003 ], [ -84.349494507999964, 33.71883973000007 ], [ -84.349497185999951, 33.71842754000005 ], [ -84.349501710999959, 33.718420826000056 ], [ -84.34951879, 33.718395518000079 ], [ -84.349497634999977, 33.718359849000024 ], [ -84.34949785699996, 33.718325167000046 ], [ -84.349515906999954, 33.715546394000057 ], [ -84.349486454999976, 33.715521810000041 ], [ -84.349516278999943, 33.715489092000041 ], [ -84.349516895999955, 33.715393740000025 ], [ -84.34950282799997, 33.715394416000038 ], [ -84.348663134999981, 33.715434901000037 ], [ -84.34866319799994, 33.715488389000029 ], [ -84.347743387999969, 33.715555184000038 ], [ -84.347275046999982, 33.715588808000064 ], [ -84.346867460999988, 33.715618070000062 ], [ -84.346062158999985, 33.715700219000041 ], [ -84.345551313999977, 33.715795594000042 ], [ -84.344502316999979, 33.715790150000032 ], [ -84.344506066999941, 33.71560902300007 ], [ -84.344512514999963, 33.715297970000051 ], [ -84.344513101999951, 33.715269599000067 ], [ -84.344495278999943, 33.714991844000053 ], [ -84.344412536999982, 33.714833028000044 ], [ -84.34427403899997, 33.714647921000051 ], [ -84.344199251999953, 33.714420880000034 ], [ -84.344206432999954, 33.714257086000032 ], [ -84.344264777999967, 33.71408432700008 ], [ -84.344441733999986, 33.713717133000046 ], [ -84.344481930999962, 33.713616085000069 ], [ -84.344481470999938, 33.713462357000026 ], [ -84.344470052999952, 33.713350611000067 ], [ -84.344507194999949, 33.713205923000032 ], [ -84.34452470399998, 33.713082691000068 ], [ -84.344667646999937, 33.712921860000051 ], [ -84.34483871499998, 33.712688870000079 ], [ -84.344899656999985, 33.712518210000042 ], [ -84.346589394999967, 33.712496797000028 ], [ -84.346590423999942, 33.71295221400004 ], [ -84.346590941999978, 33.71318386400003 ], [ -84.348120098999971, 33.713191030000075 ], [ -84.348156156999949, 33.714015804000041 ], [ -84.349508140999944, 33.714023572000031 ], [ -84.349525811999968, 33.714024136000035 ], [ -84.349529227999938, 33.713499460000037 ], [ -84.349526677999961, 33.711132848000034 ], [ -84.349525875999973, 33.70940418400005 ], [ -84.349525851999942, 33.709330228000056 ], [ -84.349525821999976, 33.709285623000028 ], [ -84.349538634999988, 33.709280027000034 ], [ -84.349546934999978, 33.709270149000076 ], [ -84.34952581899995, 33.709251960000074 ], [ -84.349525730999972, 33.709086870000078 ], [ -84.349523686999987, 33.704677515000071 ], [ -84.349523678999958, 33.704673722000052 ], [ -84.349523700999953, 33.70466792600007 ], [ -84.349523889999944, 33.70457090900004 ], [ -84.349524097999961, 33.70445243000006 ], [ -84.349514116999956, 33.704444258000024 ], [ -84.349489306999942, 33.704404662000059 ], [ -84.349514148999958, 33.704366315000073 ], [ -84.349524253999959, 33.704355994000025 ], [ -84.349524867999946, 33.704024552000078 ], [ -84.349530523999988, 33.700920779000057 ], [ -84.349530648999973, 33.700856387000044 ], [ -84.349531006999939, 33.70066680900004 ], [ -84.349487529999976, 33.700648050000041 ], [ -84.349452606999989, 33.700616277000051 ], [ -84.349483903999953, 33.700582616000077 ], [ -84.349531189999936, 33.700566963000028 ], [ -84.349532016999945, 33.700119326000049 ], [ -84.349536727999975, 33.697547451000048 ], [ -84.349536823999983, 33.697499742000048 ], [ -84.349537018999968, 33.697391459000073 ], [ -84.349537319999968, 33.697221643000034 ], [ -84.34963438799997, 33.697211223000068 ], [ -84.349674372999971, 33.697181977000071 ], [ -84.349637979999954, 33.697151360000078 ], [ -84.349537407999946, 33.697170113000027 ], [ -84.349537959999964, 33.696841420000055 ], [ -84.349538106999944, 33.696741162000023 ], [ -84.349548377999952, 33.695536519000029 ], [ -84.349551231999953, 33.695533275000059 ], [ -84.34961316, 33.695493113000055 ], [ -84.349549196999988, 33.695441018000054 ], [ -84.349549355999955, 33.695422879000034 ], [ -84.349569803999941, 33.693026659000054 ], [ -84.349457838999967, 33.692615985000032 ], [ -84.349201812, 33.692592719000061 ], [ -84.349213709999958, 33.69180749700007 ], [ -84.349432799999988, 33.691886019000037 ], [ -84.349580206999974, 33.691807578000066 ], [ -84.34960659099994, 33.688715725000066 ], [ -84.349640877999946, 33.684728607000068 ], [ -84.349664071999939, 33.683649870000067 ], [ -84.349784517999979, 33.669908260000057 ], [ -84.349830123999936, 33.664674072000025 ], [ -84.349865729999976, 33.660613484000066 ], [ -84.349866736999957, 33.660498693000079 ], [ -84.349904235999986, 33.656222270000058 ], [ -84.349872826999956, 33.647989491000033 ], [ -84.349872816999948, 33.647984985000051 ], [ -84.350222229999986, 33.647988066000039 ], [ -84.351772073999939, 33.648001750000049 ], [ -84.352604420999967, 33.648009076000051 ], [ -84.354018556999961, 33.64802472100007 ], [ -84.359348844999943, 33.648083535000069 ], [ -84.359831779, 33.648088854000036 ], [ -84.360265551999987, 33.648093617000029 ], [ -84.360611161999941, 33.648097446000065 ], [ -84.361004045999948, 33.648098807000054 ], [ -84.361113078999949, 33.648099184000046 ], [ -84.365292223999973, 33.648113706000061 ], [ -84.36903519599997, 33.648163973000067 ], [ -84.369646624999973, 33.648172123000052 ], [ -84.369719903999965, 33.648173103000033 ], [ -84.370157988999949, 33.648178925000025 ], [ -84.379467217999945, 33.64830259200005 ], [ -84.380580415999987, 33.64831732600004 ], [ -84.385466077, 33.648341780000067 ], [ -84.396151797999948, 33.648292689000073 ], [ -84.396271314999979, 33.648292140000024 ], [ -84.397656015999985, 33.648285779000048 ], [ -84.398463905999961, 33.648282022000046 ], [ -84.398466291999966, 33.649197186000038 ], [ -84.398473384999988, 33.651947378000045 ], [ -84.398477617999959, 33.65352656400006 ], [ -84.397551682999961, 33.653332008000064 ], [ -84.397448921999967, 33.653308838000044 ], [ -84.397372805999964, 33.653417866000041 ], [ -84.397204282999951, 33.653378687000043 ], [ -84.396957268999984, 33.653483915000038 ], [ -84.396721543999945, 33.654127096000025 ], [ -84.396230344999935, 33.654474983000057 ], [ -84.395882158999939, 33.654846318000068 ], [ -84.395809505999978, 33.655024402000038 ], [ -84.395703315999981, 33.655255814000043 ], [ -84.395474655999976, 33.656090673000051 ], [ -84.395390035999981, 33.656402074000027 ], [ -84.395369733999985, 33.656492805000028 ], [ -84.39517292499994, 33.658499782000035 ], [ -84.395178091999981, 33.658589419000066 ], [ -84.395203779999974, 33.659587781000027 ], [ -84.395336884999949, 33.659635619000028 ], [ -84.395372576999989, 33.65999253800004 ], [ -84.395586728999945, 33.661378574000025 ], [ -84.395729497, 33.662193540000032 ], [ -84.395766811999977, 33.662293048000038 ], [ -84.395818725999959, 33.66243148600006 ], [ -84.395913904999986, 33.662538562000066 ], [ -84.396157799999969, 33.662794354000027 ], [ -84.397615218999988, 33.663805625000066 ], [ -84.399227303999965, 33.664947766000068 ], [ -84.399393865999969, 33.665144071000043 ], [ -84.399423609999985, 33.665251147000049 ], [ -84.399489044999939, 33.665483145000053 ], [ -84.399471198999947, 33.666970308000032 ], [ -84.399471198999947, 33.667232457000068 ], [ -84.399471198999947, 33.668677571000046 ], [ -84.399494993999951, 33.668796544000031 ], [ -84.399530684999945, 33.668879825000033 ], [ -84.399691298999983, 33.669040439000071 ], [ -84.399953039999957, 33.669260539000049 ], [ -84.400048217999938, 33.669397358000026 ], [ -84.400077961999955, 33.669498485000076 ], [ -84.400077961999955, 33.669659099000057 ], [ -84.400072012999942, 33.670700113000066 ], [ -84.400066063999986, 33.67200286800005 ], [ -84.400054166999951, 33.672240814000077 ], [ -84.400006577999989, 33.672401427000068 ], [ -84.399899501999982, 33.672573938000028 ], [ -84.399596120999945, 33.672889217000034 ], [ -84.399409556999956, 33.672931128000073 ], [ -84.399409435999985, 33.672937524000076 ], [ -84.399559021999949, 33.672938301000045 ], [ -84.400656106999975, 33.672953049000057 ], [ -84.40196356499996, 33.672970160000034 ], [ -84.402960391999954, 33.672982687000058 ], [ -84.408496001999936, 33.673073338000052 ], [ -84.418086159999973, 33.673158280000052 ], [ -84.418115375999946, 33.676985891000072 ], [ -84.417046195999944, 33.67697670900003 ], [ -84.417037953999966, 33.677251584000032 ], [ -84.417026550999935, 33.677570377000052 ], [ -84.41552496099996, 33.677514324000072 ], [ -84.415491497999938, 33.677595491000034 ], [ -84.415448252999965, 33.677702761000035 ], [ -84.415416451999988, 33.677789396000037 ], [ -84.415386293999973, 33.677876358000049 ], [ -84.415204594999977, 33.678418467000029 ], [ -84.415178517999948, 33.678496516000052 ], [ -84.415156568999976, 33.678579693000074 ], [ -84.415137908999952, 33.678663226000026 ], [ -84.415124976999948, 33.678739158000042 ], [ -84.415068712999982, 33.67917729100003 ], [ -84.415059109999959, 33.679267290000041 ], [ -84.41505356, 33.679338425000026 ], [ -84.41504965699994, 33.679409561000057 ], [ -84.415047395999977, 33.679480661000071 ], [ -84.415046777999976, 33.679552120000039 ], [ -84.415050459999975, 33.679688837000072 ], [ -84.415052326999955, 33.679766805000042 ], [ -84.415059970999948, 33.67985303100005 ], [ -84.415070054999944, 33.679930318000061 ], [ -84.415082603999963, 33.680007246000059 ], [ -84.415099259999977, 33.680084162000071 ], [ -84.415136684999936, 33.680238323000026 ], [ -84.415149206999956, 33.680305988000043 ], [ -84.415165894999973, 33.680392166000047 ], [ -84.415175200999954, 33.680485261000058 ], [ -84.415177917999983, 33.680572486000074 ], [ -84.415175720999969, 33.680665929000043 ], [ -84.415161669999975, 33.680867214000045 ], [ -84.415137868999977, 33.681208433000052 ], [ -84.415137834999939, 33.681208656000024 ], [ -84.415161913999953, 33.681214074000025 ], [ -84.415164740999955, 33.681214892000071 ], [ -84.415169479999975, 33.681216507000045 ], [ -84.41517399199995, 33.681218283000078 ], [ -84.415178499999968, 33.681220471000074 ], [ -84.415182781999988, 33.681222854000055 ], [ -84.415186930999937, 33.681225348000055 ], [ -84.415191012999969, 33.681228361000024 ], [ -84.415194704999976, 33.681231268000033 ], [ -84.415198031999978, 33.681234366000069 ], [ -84.415201528999944, 33.681237850000059 ], [ -84.415204432999985, 33.681241390000025 ], [ -84.415207170999963, 33.681245012000034 ], [ -84.415209582999978, 33.681248911000068 ], [ -84.415211630999977, 33.681252724000046 ], [ -84.415213451999989, 33.681256678000068 ], [ -84.415215041999943, 33.681260880000025 ], [ -84.415216202999943, 33.681264975000033 ], [ -84.415217136999956, 33.681269261000068 ], [ -84.415217839999968, 33.681273736000037 ], [ -84.415217979999966, 33.68127783400007 ], [ -84.415217795, 33.681282175000035 ], [ -84.415217767999934, 33.681283053000072 ], [ -84.415239485999962, 33.68131423300008 ], [ -84.415653928999973, 33.681328458000053 ], [ -84.415741482999977, 33.681331443000033 ], [ -84.416890454999987, 33.681370866000066 ], [ -84.416886853999983, 33.683532039000056 ], [ -84.416880993999939, 33.686615289000031 ], [ -84.416822942999943, 33.689272962000075 ], [ -84.416933079999978, 33.689273782000043 ], [ -84.416842870999972, 33.692179937000049 ], [ -84.415628847999983, 33.69217208300006 ], [ -84.415464454999949, 33.692171729000052 ], [ -84.415455361999989, 33.692723104000038 ], [ -84.415410528999985, 33.694850717000065 ], [ -84.415409354999952, 33.695299374000058 ], [ -84.415309731999969, 33.697239143000047 ], [ -84.415659775999984, 33.697242586000073 ], [ -84.418469543999947, 33.697270200000048 ], [ -84.418838612999934, 33.697269448000043 ], [ -84.41956853399995, 33.697267956000076 ], [ -84.422453874999974, 33.69732349700007 ], [ -84.427540481999984, 33.697371948000068 ], [ -84.427999991999968, 33.697377519000042 ], [ -84.429614498999968, 33.697417734000055 ], [ -84.429492879999941, 33.69796935200003 ], [ -84.429469498999936, 33.69811882700003 ], [ -84.429466371999979, 33.698139911000055 ], [ -84.429453390999981, 33.698227416000066 ], [ -84.429437303999975, 33.698344279000025 ], [ -84.429421220999984, 33.698461114000054 ], [ -84.42942054699995, 33.698466421000035 ], [ -84.429416981999964, 33.698494378000078 ], [ -84.429362519999984, 33.698619815000029 ], [ -84.429394535999961, 33.698670947000039 ], [ -84.429391515999953, 33.698694753000041 ], [ -84.429382713999985, 33.698772767000037 ], [ -84.429369916999974, 33.698889953000048 ], [ -84.42936111399996, 33.698967943000071 ], [ -84.429353128999935, 33.699045927000043 ], [ -84.429341978999958, 33.699163110000029 ], [ -84.429334819999951, 33.699241451000034 ], [ -84.429333355999972, 33.699257997000075 ], [ -84.429288726999971, 33.699329822000038 ], [ -84.429320780999944, 33.699404427000047 ], [ -84.429318150999961, 33.699436612000056 ], [ -84.429315426999949, 33.699470149000035 ], [ -84.429311814999949, 33.699514951000026 ], [ -84.429306297999972, 33.699593288000074 ], [ -84.429305316999944, 33.699606482000036 ], [ -84.42929761399995, 33.699710466000056 ], [ -84.429297939999969, 33.699710465000067 ], [ -84.434916938999947, 33.699730329000033 ], [ -84.437839218999954, 33.699740439000038 ], [ -84.437838032999935, 33.70093283500006 ], [ -84.443121359999964, 33.700991919000046 ], [ -84.44306146699995, 33.705648306000057 ], [ -84.443929554999954, 33.705643941000062 ], [ -84.446294761, 33.705680880000045 ], [ -84.446459169999969, 33.705679820000057 ], [ -84.447015703999966, 33.70567718500007 ], [ -84.449693175999982, 33.705677593000075 ], [ -84.449659701999963, 33.700483115000054 ], [ -84.449681324999972, 33.698052550000057 ], [ -84.451353105999942, 33.698504594000042 ], [ -84.45381482099998, 33.699194206000072 ], [ -84.453939854999987, 33.699221399000066 ], [ -84.454064886999959, 33.699246531000028 ], [ -84.454191550999951, 33.699270283000033 ], [ -84.454318212999965, 33.699291618000075 ], [ -84.454444869999975, 33.699311605000048 ], [ -84.454572338999981, 33.699329501000079 ], [ -84.454700625999976, 33.699345691000076 ], [ -84.454828082999938, 33.699359822000076 ], [ -84.454957180999941, 33.699372247000042 ], [ -84.455085449999956, 33.699382938000042 ], [ -84.455214534999982, 33.699391570000046 ], [ -84.455343608999954, 33.699398140000028 ], [ -84.455472681999936, 33.699402975000055 ], [ -84.455601748999982, 33.699406112000077 ], [ -84.455730804999973, 33.699407182000073 ], [ -84.455859858999986, 33.699406522000061 ], [ -84.455988906999949, 33.699403829000062 ], [ -84.456118766999964, 33.699399072000062 ], [ -84.45624780299994, 33.699392916000079 ], [ -84.45637600699996, 33.699384371000065 ], [ -84.456505024999956, 33.69937445000005 ], [ -84.456633217, 33.699362141000051 ], [ -84.456761403999963, 33.699348426000029 ], [ -84.456889583999953, 33.699332682000033 ], [ -84.457016938999971, 33.69931484600005 ], [ -84.457144282999934, 33.699295666000069 ], [ -84.457270800999936, 33.699274073000026 ], [ -84.457397308999987, 33.699251102000062 ], [ -84.457522991999952, 33.699226072000044 ], [ -84.457647849999944, 33.699199312000076 ], [ -84.45777269599995, 33.699170515000048 ], [ -84.457896716999983, 33.699139993000074 ], [ -84.458019908999972, 33.699107742000024 ], [ -84.458142270999986, 33.699073786000042 ], [ -84.458264626999949, 33.699037768000039 ], [ -84.458385334999946, 33.699000382000065 ], [ -84.45850603599996, 33.69896093400007 ], [ -84.458625911999945, 33.698919785000044 ], [ -84.45874413599995, 33.698876909000035 ], [ -84.458862352999972, 33.698832297000024 ], [ -84.458978917999957, 33.69878634500003 ], [ -84.45909465799997, 33.698738309000078 ], [ -84.459209571999963, 33.69868856800008 ], [ -84.459322833999977, 33.698637100000042 ], [ -84.461276942999973, 33.697737564000079 ], [ -84.461761935999959, 33.69774327500005 ], [ -84.463002458999938, 33.697783591000075 ], [ -84.463366280999935, 33.697689609000065 ], [ -84.46457387099997, 33.697714871000073 ], [ -84.46503218099997, 33.697848787000055 ], [ -84.466696900999978, 33.697902469000041 ], [ -84.467791031, 33.697918028000061 ], [ -84.476968425999985, 33.698041063000062 ], [ -84.476971814999956, 33.698033304000035 ], [ -84.476983813999937, 33.698041271000079 ], [ -84.47700111499995, 33.697137045000034 ], [ -84.477077068999961, 33.693115096000042 ], [ -84.478616750999947, 33.693163433000052 ], [ -84.479686178999941, 33.693184449000057 ], [ -84.480183376999946, 33.693162906000055 ], [ -84.481781402999957, 33.693206933000056 ], [ -84.481863636999947, 33.693217388000051 ], [ -84.48243408899998, 33.693222473000048 ], [ -84.482465412999943, 33.691000059000032 ], [ -84.482945417999986, 33.691000563000046 ], [ -84.483109097999943, 33.691031750000036 ], [ -84.484205111999984, 33.690913841000054 ], [ -84.48633715699998, 33.690683673000024 ], [ -84.486412779999966, 33.686911831000032 ], [ -84.486422132999962, 33.686330523000038 ], [ -84.486446518999969, 33.683371614000066 ], [ -84.486456733999944, 33.682135223000046 ], [ -84.486529282999982, 33.677980330000025 ], [ -84.486535424999943, 33.677198074000046 ], [ -84.486566126999946, 33.674392003000037 ], [ -84.487560554999959, 33.674416910000048 ], [ -84.487565943999982, 33.67387652900004 ], [ -84.491895300999943, 33.673958655000035 ], [ -84.49200627099998, 33.670038606000048 ], [ -84.492018650999967, 33.669615696000051 ], [ -84.492117206999978, 33.66611206500005 ], [ -84.497319250999965, 33.666093452000041 ], [ -84.497670892999963, 33.666100096000037 ], [ -84.49817797999998, 33.666109703000075 ], [ -84.500547902999983, 33.666155209000067 ], [ -84.506476016999954, 33.666268226000057 ], [ -84.506505140999934, 33.657374685000036 ], [ -84.506513852999944, 33.65687482900006 ], [ -84.506486302999974, 33.655835366000076 ], [ -84.506486501999973, 33.655191224000077 ], [ -84.506486740999947, 33.654332852000039 ], [ -84.506484821999948, 33.654279872000075 ], [ -84.506485837999946, 33.654061571000057 ], [ -84.506783967, 33.654060751000031 ], [ -84.507167688999971, 33.654080389000057 ], [ -84.507576277999988, 33.654131016000065 ], [ -84.50804687599998, 33.654222855000057 ], [ -84.508777713999962, 33.65439678000007 ], [ -84.510610915999962, 33.654826333000074 ], [ -84.513125541999955, 33.655440260000034 ], [ -84.516319654999961, 33.656190947000027 ], [ -84.516316116999974, 33.655592905000049 ], [ -84.516385944999968, 33.655590646000064 ], [ -84.516491136999946, 33.655598234000024 ], [ -84.516708820999952, 33.655588685000055 ], [ -84.516940771999941, 33.655653657000073 ], [ -84.517144837999979, 33.655731075000062 ], [ -84.517286944999967, 33.655740236000042 ], [ -84.517524589999937, 33.655774660000077 ], [ -84.517722547999938, 33.655787591000035 ], [ -84.517962616999966, 33.655803287000026 ], [ -84.518103145999987, 33.655812509000043 ], [ -84.51822716199996, 33.655802535000078 ], [ -84.518527880999955, 33.655806490000032 ], [ -84.518749783999965, 33.655824768000059 ], [ -84.518909273999952, 33.655848690000028 ], [ -84.519144083999947, 33.65580921600008 ], [ -84.519415641999956, 33.655713626000079 ], [ -84.519807378999985, 33.655674004000048 ], [ -84.520231820999982, 33.655796818000056 ], [ -84.520412706999934, 33.655829638000057 ], [ -84.520578562999958, 33.655804759000034 ], [ -84.520976099999984, 33.655776825000032 ], [ -84.521083933999989, 33.655827357000078 ], [ -84.521305029999951, 33.655848024000079 ], [ -84.521622757999978, 33.655792832000031 ], [ -84.521761286999947, 33.656915794000042 ], [ -84.522149081999942, 33.656915368000057 ], [ -84.525895573999946, 33.656913471000053 ], [ -84.525866898999936, 33.658910372000037 ], [ -84.52651117399995, 33.659019556000032 ], [ -84.528189360999988, 33.659092598000029 ], [ -84.528314040999987, 33.659098033000078 ], [ -84.528439673999969, 33.659103520000031 ], [ -84.528673054999956, 33.659113666000053 ], [ -84.528690800999982, 33.659772595000049 ], [ -84.528587520999963, 33.660199650000038 ], [ -84.529300969999952, 33.660304247000056 ], [ -84.529244552999955, 33.660526145000063 ], [ -84.529232005999972, 33.660598984000046 ], [ -84.529022271999963, 33.661817278000058 ], [ -84.528570299999956, 33.662633080000035 ], [ -84.527990529999954, 33.663142493000066 ], [ -84.527208222999946, 33.663610198000072 ], [ -84.52624844199994, 33.663993793000031 ], [ -84.525792653999986, 33.664082955000026 ], [ -84.525781514999949, 33.66485838400007 ], [ -84.525864988999956, 33.669521968000026 ], [ -84.525856887999964, 33.673108488000025 ], [ -84.533445279999967, 33.673181701000033 ], [ -84.535645211999963, 33.673203325000031 ], [ -84.535566007999989, 33.67700233000005 ], [ -84.535490380999988, 33.680630984000061 ], [ -84.537481054999944, 33.680679995000048 ], [ -84.539619842999969, 33.680699900000036 ], [ -84.539938144999951, 33.680702862000032 ], [ -84.545554183999968, 33.680755129000033 ], [ -84.545447402999969, 33.683204850000038 ], [ -84.545364455999959, 33.685467282000047 ], [ -84.545354998999983, 33.685559711000053 ], [ -84.545347413999934, 33.685704702000066 ], [ -84.545347316999937, 33.685869268000033 ], [ -84.545346806999987, 33.685940728000048 ], [ -84.545344729999954, 33.686029365000024 ], [ -84.545342654999956, 33.686118333000024 ], [ -84.545338208999965, 33.686228963000076 ], [ -84.545333758999959, 33.686338909000028 ], [ -84.545233461999942, 33.688581799000076 ], [ -84.545235989999981, 33.688971712000068 ], [ -84.545243647999939, 33.689217990000031 ], [ -84.545242526999971, 33.689337872000067 ], [ -84.54523734199995, 33.689466725000045 ], [ -84.545228014999964, 33.689589053000077 ], [ -84.545201072999987, 33.689818258000059 ], [ -84.545384369999965, 33.689820116000078 ], [ -84.545384019999972, 33.689830283000049 ], [ -84.545255848999943, 33.693650321000064 ], [ -84.547454548999951, 33.693692183000053 ], [ -84.547343763999947, 33.697608849000062 ], [ -84.545134775999941, 33.697539095000025 ], [ -84.545129429999974, 33.697841917000062 ], [ -84.545121420999976, 33.69829524000005 ], [ -84.545115055999986, 33.698657918000038 ], [ -84.545097039999973, 33.699680852000029 ], [ -84.54506226999996, 33.701655109000058 ], [ -84.546003306999978, 33.700865536000038 ], [ -84.54618174899997, 33.701066985000068 ], [ -84.546268447999978, 33.701154991000067 ], [ -84.546351827999956, 33.701235150000059 ], [ -84.545042466999973, 33.702763078000032 ], [ -84.544989428999941, 33.705755403000069 ], [ -84.544983152999976, 33.706109259000073 ], [ -84.544479199999955, 33.706102886000053 ], [ -84.544479201999934, 33.706103237000036 ], [ -84.544864281999935, 33.707361838000054 ], [ -84.544984283999952, 33.707754048000027 ], [ -84.54514331699994, 33.708273819000055 ], [ -84.545175595999979, 33.708379315000059 ], [ -84.545451918999959, 33.709282415000075 ], [ -84.545455336999964, 33.709286282000051 ], [ -84.545456114999979, 33.709288848000028 ], [ -84.545454361999987, 33.709288927000046 ], [ -84.545446064999965, 33.709289463000061 ], [ -84.545108292999942, 33.709309976000043 ], [ -84.544865454999979, 33.709245572000043 ], [ -84.544722541999988, 33.709239464000063 ], [ -84.544588343999976, 33.709233752000046 ], [ -84.544383636999953, 33.709225082000046 ], [ -84.54419887499995, 33.709359034000045 ], [ -84.544128874999956, 33.709409642000026 ], [ -84.54366338899996, 33.709432332000063 ], [ -84.54339396499995, 33.709445496000058 ], [ -84.54338415899997, 33.709445584000036 ], [ -84.543101922999938, 33.709459683000034 ], [ -84.54304054399995, 33.709462805000044 ], [ -84.542986415999962, 33.709459982000055 ], [ -84.542932255999972, 33.70946011500007 ], [ -84.542930720999948, 33.709460118000038 ], [ -84.542928813999936, 33.70946010800003 ], [ -84.542826720999983, 33.709460364000051 ], [ -84.54281949999995, 33.709457088000079 ], [ -84.542785507999952, 33.709440981000057 ], [ -84.542707634999942, 33.709404498000026 ], [ -84.542600035999953, 33.709386320000078 ], [ -84.542445031999989, 33.709318716000041 ], [ -84.542111731999967, 33.709313142000042 ], [ -84.542030446999945, 33.709311720000073 ], [ -84.542029557999967, 33.70931194800005 ], [ -84.541872054999942, 33.709365535000074 ], [ -84.541868778999969, 33.709366383000031 ], [ -84.541866182999968, 33.709366871000043 ], [ -84.541747026999985, 33.709382211000047 ], [ -84.54146396799996, 33.709418324000069 ], [ -84.541460803999939, 33.709419121000053 ], [ -84.541459883999948, 33.709418850000077 ], [ -84.541433164999944, 33.709423033000064 ], [ -84.541416731999959, 33.709425144000079 ], [ -84.541174858999966, 33.709409045000029 ], [ -84.541175171999953, 33.709406314000034 ], [ -84.541174942999987, 33.709391068000059 ], [ -84.541174926999986, 33.709389516000044 ], [ -84.541177122999954, 33.708959368000023 ], [ -84.541175566999982, 33.708959379000078 ], [ -84.541156570999988, 33.708959403000051 ], [ -84.541135963999977, 33.708959411000023 ], [ -84.541134296999985, 33.708959403000051 ], [ -84.541038954999976, 33.708958972000062 ], [ -84.541037287999984, 33.708958973000051 ], [ -84.541029144999982, 33.708959055000037 ], [ -84.541025035999951, 33.708959057000072 ], [ -84.540783332999979, 33.708957758000054 ], [ -84.540781774999971, 33.708957724000072 ], [ -84.540465169999948, 33.708956232000048 ], [ -84.540115771999979, 33.708954544000051 ], [ -84.53973181799995, 33.708952693000072 ], [ -84.539730128999963, 33.708952659000033 ], [ -84.539286231999938, 33.708950603000062 ], [ -84.539284541999962, 33.708950567000045 ], [ -84.53891877999996, 33.708948660000033 ], [ -84.538917222999942, 33.70894865300005 ], [ -84.538555407, 33.708946980000064 ], [ -84.538553848999982, 33.708946954000055 ], [ -84.538191177999977, 33.70894529900005 ], [ -84.538189487999944, 33.708945254000071 ], [ -84.53783359199997, 33.708943351000073 ], [ -84.537832034999951, 33.708943354000041 ], [ -84.537475939999979, 33.708941677000041 ], [ -84.537474252999971, 33.708941678000031 ], [ -84.53711999799998, 33.708939988000054 ], [ -84.536197587999936, 33.708935530000076 ], [ -84.536163881999983, 33.708935303000032 ], [ -84.53616791099995, 33.70891638300003 ], [ -84.536171132999982, 33.708900914000026 ], [ -84.536174354999957, 33.708885446000068 ], [ -84.536177576999989, 33.708869977000063 ], [ -84.536179976999961, 33.708854511000027 ], [ -84.536182376999989, 33.708839044000058 ], [ -84.536185577999959, 33.708818423000025 ], [ -84.536187154999936, 33.708802959000025 ], [ -84.536298473999977, 33.707863756000052 ], [ -84.536205506999977, 33.707854196000028 ], [ -84.536318597, 33.706917510000039 ], [ -84.536327236999966, 33.706846680000069 ], [ -84.536336956999946, 33.706776210000044 ], [ -84.536346316999982, 33.706705740000075 ], [ -84.536359996999977, 33.706618080000055 ], [ -84.536377636999987, 33.706512600000053 ], [ -84.536390596999979, 33.706442490000029 ], [ -84.536410756999942, 33.706337280000071 ], [ -84.536432356999967, 33.706232430000057 ], [ -84.536458996999954, 33.706110480000063 ], [ -84.53648489699998, 33.706008201000031 ], [ -84.536488138999971, 33.705995396000048 ], [ -84.536514076999936, 33.705884580000031 ], [ -84.536570596999979, 33.705669300000068 ], [ -84.536595796999961, 33.705574170000034 ], [ -84.53660512099998, 33.70553558000006 ], [ -84.536411011999974, 33.706007352000029 ], [ -84.535591667999938, 33.705996742000025 ], [ -84.53528259999996, 33.705992887000036 ], [ -84.535278716999983, 33.706218823000029 ], [ -84.535277127999962, 33.706311287000062 ], [ -84.535270754999942, 33.706693093000069 ], [ -84.535265837999987, 33.706984121000062 ], [ -84.535262527999976, 33.707183236000049 ], [ -84.535255201999973, 33.707619613000077 ], [ -84.535254279999947, 33.707672970000033 ], [ -84.535252717999981, 33.707767568000065 ], [ -84.535250510999958, 33.707899092000048 ], [ -84.535247603999949, 33.70807224400005 ], [ -84.535243973999968, 33.708287175000066 ], [ -84.535240484999974, 33.708496323000077 ], [ -84.535238866999975, 33.708591468000066 ], [ -84.535238260999961, 33.708628833000034 ], [ -84.535236293999958, 33.708746001000065 ], [ -84.535235545999967, 33.708790501000067 ], [ -84.535233559999938, 33.708907713000031 ], [ -84.53523344499996, 33.708914760000027 ], [ -84.535236106999946, 33.708913437000035 ], [ -84.535252926999988, 33.709263964000058 ], [ -84.535259759999974, 33.710234134000075 ], [ -84.535184978999951, 33.711145670000064 ], [ -84.535170177999987, 33.711490682000033 ], [ -84.535155300999975, 33.711836678000054 ], [ -84.535141095999961, 33.712167773000033 ], [ -84.535135102999959, 33.712306975000047 ], [ -84.535222484999963, 33.712672551000026 ], [ -84.535255852999967, 33.712812271000075 ], [ -84.535412236999946, 33.713467370000046 ], [ -84.535413348999953, 33.713467368000067 ], [ -84.535611081999946, 33.713466853000057 ], [ -84.535793681999962, 33.713466549000032 ], [ -84.535795238999981, 33.713466546000063 ], [ -84.535842482999954, 33.713557747000038 ], [ -84.535965222999948, 33.713558354000043 ], [ -84.536018189999936, 33.713771371000064 ], [ -84.536090623999939, 33.714062607000074 ], [ -84.536187573999939, 33.714452447000042 ], [ -84.536209879999944, 33.714590940000051 ], [ -84.536311065999939, 33.714976214000046 ], [ -84.536400140999945, 33.71531559400006 ], [ -84.536463344999959, 33.715556403000051 ], [ -84.53652210599995, 33.715639378000049 ], [ -84.535667784999987, 33.715686255000037 ], [ -84.535667125999964, 33.715684490000058 ], [ -84.535555035999948, 33.715626898000039 ], [ -84.535558048999974, 33.715840745000037 ], [ -84.535722635999946, 33.716393659000062 ], [ -84.535926811999957, 33.719002101000058 ], [ -84.535992673999942, 33.719904696000071 ], [ -84.536161235999941, 33.722214919000066 ], [ -84.536161805999939, 33.722586207000063 ], [ -84.536162307999973, 33.722902722000072 ], [ -84.536162719999936, 33.723183042000073 ], [ -84.536163165999938, 33.723464294000053 ], [ -84.536163580999983, 33.723745550000046 ], [ -84.536164031999988, 33.724026830000071 ], [ -84.536164447999965, 33.724308086000065 ], [ -84.536164689999964, 33.724456821000047 ], [ -84.536168532999966, 33.724647922000031 ], [ -84.536248132999958, 33.724956066000061 ], [ -84.536322817999974, 33.725245176000044 ], [ -84.536401745999967, 33.725550630000043 ], [ -84.536509371999955, 33.725967215000026 ], [ -84.536527995999961, 33.72597644700005 ], [ -84.536906083999952, 33.726163901000064 ], [ -84.537222737999969, 33.726320867000027 ], [ -84.537270631999945, 33.726344604000076 ], [ -84.537273367999944, 33.72634640900003 ], [ -84.536903652999968, 33.726738731000069 ], [ -84.536830128999952, 33.726796500000034 ], [ -84.536837973, 33.726800958000069 ], [ -84.536852117999956, 33.726808966000078 ], [ -84.53691860899994, 33.726851804000034 ], [ -84.537030387999948, 33.726923776000035 ], [ -84.537030908999952, 33.726923226000054 ], [ -84.537034249999977, 33.726920054000061 ], [ -84.537037723999958, 33.726916799000037 ], [ -84.537041658999954, 33.726914013000055 ], [ -84.537045593999949, 33.726911198000039 ], [ -84.537049691999982, 33.72690865900006 ], [ -84.53705438999998, 33.726906583000073 ], [ -84.537058885999954, 33.726904533000038 ], [ -84.537063579999938, 33.726902763000055 ], [ -84.537068278999982, 33.726901071000043 ], [ -84.537073335999935, 33.726899873000036 ], [ -84.537078234999967, 33.726898787000039 ], [ -84.537083362999965, 33.726897976000032 ], [ -84.537088520999987, 33.726897548000068 ], [ -84.53709362099994, 33.726897174000044 ], [ -84.537098881999952, 33.726897517000054 ], [ -84.537103884999965, 33.726897638000025 ], [ -84.537109215999976, 33.726898310000024 ], [ -84.537114217999942, 33.726899256000024 ], [ -84.537119189999942, 33.726900259000047 ], [ -84.537124129999938, 33.726901675000079 ], [ -84.537128872999972, 33.726903281000034 ], [ -84.537133350999966, 33.726905052000063 ], [ -84.537137898999958, 33.72690724000006 ], [ -84.537142186999972, 33.726909618000036 ], [ -84.537146306999944, 33.726912104000064 ], [ -84.537150434999944, 33.726915117000033 ], [ -84.537154126999951, 33.72691801700006 ], [ -84.53715746599994, 33.726921115000039 ], [ -84.537160963999952, 33.726924592000046 ], [ -84.537163874999976, 33.726928128000054 ], [ -84.537166618999947, 33.726931748000027 ], [ -84.537169038999934, 33.726935644000037 ], [ -84.537171092999984, 33.72693946000004 ], [ -84.537172919999989, 33.726943412000026 ], [ -84.537173353999947, 33.726944589000027 ], [ -84.537174516999983, 33.72694761200006 ], [ -84.537174916999959, 33.726948789000062 ], [ -84.537175718999947, 33.726951702000065 ], [ -84.537176624999972, 33.726955986000064 ], [ -84.537177334999967, 33.726960465000047 ], [ -84.537177485999962, 33.726964558000077 ], [ -84.537177306999979, 33.726968899000042 ], [ -84.537177093999958, 33.72697327000003 ], [ -84.537176455999941, 33.726977588000068 ], [ -84.537171353999952, 33.726992279000058 ], [ -84.53716236799994, 33.727005609000059 ], [ -84.537160564999965, 33.727007482000033 ], [ -84.537161519999984, 33.727008109000053 ], [ -84.537219239999956, 33.727045178000026 ], [ -84.537380654999936, 33.727148849000059 ], [ -84.537455668999939, 33.727193286000045 ], [ -84.537536412999941, 33.727230145000078 ], [ -84.537622048999935, 33.727258414000062 ], [ -84.537711760999969, 33.727277709000077 ], [ -84.537803077999968, 33.727288100000067 ], [ -84.53805794699997, 33.727287692000061 ], [ -84.538715917, 33.72725514800004 ], [ -84.538838308999971, 33.727249120000067 ], [ -84.53916152499994, 33.727233111000032 ], [ -84.539162100999988, 33.727229481000052 ], [ -84.539167139999961, 33.727216085000066 ], [ -84.539175078999961, 33.727203694000025 ], [ -84.539178290999985, 33.727200246000052 ], [ -84.539181631999952, 33.727197078000074 ], [ -84.539185100999987, 33.72719382400004 ], [ -84.539189035999982, 33.727191037000068 ], [ -84.539193004999959, 33.727188222000052 ], [ -84.539197073999958, 33.727185679000058 ], [ -84.539201731999981, 33.727183603000071 ], [ -84.539206261999936, 33.727181557000051 ], [ -84.539214734999973, 33.727178510000044 ], [ -84.539127212999972, 33.727041553000049 ], [ -84.539071536999984, 33.726913651000075 ], [ -84.538977856999963, 33.726698581000051 ], [ -84.53898226299998, 33.726690628000028 ], [ -84.538936328999966, 33.726564317000054 ], [ -84.538902156999939, 33.726457568000058 ], [ -84.538879624999936, 33.726381042000071 ], [ -84.538858734999963, 33.726304128000038 ], [ -84.538849532999961, 33.726267273000076 ], [ -84.538839490999976, 33.726226904000043 ], [ -84.538823246999982, 33.726151901000037 ], [ -84.538823009999987, 33.726150719000032 ], [ -84.538824163999948, 33.726150550000057 ], [ -84.53882919199998, 33.726149657000065 ], [ -84.538834218999966, 33.726148376000026 ], [ -84.538838913999939, 33.726146932000063 ], [ -84.538843578999945, 33.726145244000065 ], [ -84.538848271999939, 33.726143251000053 ], [ -84.53885256999996, 33.726141119000033 ], [ -84.538856900999974, 33.726138662000039 ], [ -84.538861230999942, 33.726135957000054 ], [ -84.538864839999974, 33.726133167000057 ], [ -84.538868407999985, 33.726130024000042 ], [ -84.538872015999971, 33.726126855000075 ], [ -84.538875256999972, 33.726123407000046 ], [ -84.538884242999984, 33.726110106000078 ], [ -84.538889344999973, 33.726095415000032 ], [ -84.538889981999944, 33.726091101000065 ], [ -84.538890194999965, 33.726086731000066 ], [ -84.538890373999948, 33.726082385000041 ], [ -84.538890222999953, 33.726078292000068 ], [ -84.538889512999958, 33.726073813000028 ], [ -84.538888605999944, 33.726069529000029 ], [ -84.538887804999945, 33.726066621000029 ], [ -84.538887404999969, 33.726065439000024 ], [ -84.538886242, 33.726062421000051 ], [ -84.538885807999975, 33.726061239000046 ], [ -84.538883950999946, 33.72605728700006 ], [ -84.538881925999988, 33.726053472000046 ], [ -84.538879507, 33.726049579000062 ], [ -84.538876727999934, 33.726045960000079 ], [ -84.538873885999976, 33.726042423000024 ], [ -84.538870353999982, 33.726038942000059 ], [ -84.538867014999937, 33.726035848000038 ], [ -84.538863321999941, 33.726032945000043 ], [ -84.538859228999968, 33.726029935000042 ], [ -84.538855073999969, 33.726027474000034 ], [ -84.538850820999983, 33.726025039000035 ], [ -84.538846273, 33.726022884000031 ], [ -84.538841760999958, 33.726021108000054 ], [ -84.538837016999935, 33.726019474000054 ], [ -84.538832106999962, 33.726018087000057 ], [ -84.538827104999939, 33.726017088000049 ], [ -84.538822103999962, 33.726016138000034 ], [ -84.538816772999951, 33.72601547000005 ], [ -84.538811768999949, 33.726015320000045 ], [ -84.538806473999955, 33.726015006000068 ], [ -84.538801408999973, 33.726015376000078 ], [ -84.538796249999962, 33.726015804000042 ], [ -84.53879558999995, 33.726015917000041 ], [ -84.538794149999944, 33.726009243000078 ], [ -84.538779795999972, 33.725923047000038 ], [ -84.538770324999973, 33.725861516000066 ], [ -84.538768801999936, 33.725851627000054 ], [ -84.538760267999976, 33.72577986500005 ], [ -84.538752557999942, 33.72570810600007 ], [ -84.538747314999966, 33.725636310000027 ], [ -84.538742841999976, 33.72555217300004 ], [ -84.538741656999946, 33.725468328000034 ], [ -84.538742935999949, 33.725384170000041 ], [ -84.538745916999972, 33.725312378000069 ], [ -84.538750538999977, 33.725240223000071 ], [ -84.538759993999975, 33.725144691000025 ], [ -84.538768727, 33.725072853000029 ], [ -84.53878049399998, 33.725016894000078 ], [ -84.538806758999954, 33.724892072000046 ], [ -84.538807049999946, 33.724890970000047 ], [ -84.538811161999945, 33.724891564000075 ], [ -84.538816589999954, 33.724891902000024 ], [ -84.538821657999961, 33.724892080000075 ], [ -84.53882665499998, 33.724891900000046 ], [ -84.538832049999939, 33.724891554000067 ], [ -84.538837108999985, 33.724890826000035 ], [ -84.538842136999961, 33.724889928000039 ], [ -84.538847163999947, 33.724888652000061 ], [ -84.53885186399998, 33.724887207000052 ], [ -84.538856523999982, 33.72488551500004 ], [ -84.53886122199998, 33.724883522000027 ], [ -84.538865519999945, 33.724881366000034 ], [ -84.538869849999969, 33.724878908000051 ], [ -84.538874179999937, 33.724876228000028 ], [ -84.538877784999954, 33.724873443000035 ], [ -84.538881357999969, 33.724870299000031 ], [ -84.538884959999962, 33.724867126000049 ], [ -84.538888201999953, 33.724863711000069 ], [ -84.538897191999979, 33.724850382000056 ], [ -84.538902288999964, 33.724835690000077 ], [ -84.538902931999985, 33.72483137200004 ], [ -84.538903139999945, 33.72482700200004 ], [ -84.538903317999939, 33.724822661000076 ], [ -84.538903171999948, 33.724818568000046 ], [ -84.538902461999953, 33.724814089000063 ], [ -84.538901555999985, 33.724809804000074 ], [ -84.53890075399994, 33.724806892000061 ], [ -84.538900353999963, 33.72480571400007 ], [ -84.53889918699997, 33.724802692000026 ], [ -84.53889875699997, 33.724801514000035 ], [ -84.538896929999964, 33.724797562000049 ], [ -84.538894875999972, 33.724793747000035 ], [ -84.538892455999985, 33.724789850000036 ], [ -84.538889711999957, 33.724786231000053 ], [ -84.538886801, 33.724782695000044 ], [ -84.538883297999973, 33.724779218000037 ], [ -84.538879963999989, 33.724776119000069 ], [ -84.538876266999978, 33.724773220000031 ], [ -84.538872178999952, 33.724770207000063 ], [ -84.538868023999953, 33.724767721000035 ], [ -84.538863735999939, 33.724765343000058 ], [ -84.538859221999985, 33.724763155000062 ], [ -84.538854705999938, 33.724761384000033 ], [ -84.538849962999961, 33.724759778000077 ], [ -84.538845022999965, 33.724758362000046 ], [ -84.538840084999947, 33.724757388000057 ], [ -84.538835937999977, 33.724756547000027 ], [ -84.538872482999977, 33.724589345000027 ], [ -84.538903350999988, 33.724448597000048 ], [ -84.538960402999976, 33.724187120000067 ], [ -84.538961916999938, 33.724180190000027 ], [ -84.538969337999958, 33.724146174000055 ], [ -84.538971466999953, 33.724136521000048 ], [ -84.538976719999937, 33.72411240200006 ], [ -84.538983426999948, 33.724043208000069 ], [ -84.538983554999959, 33.724041918000069 ], [ -84.53897496899998, 33.724041420000049 ], [ -84.538969932999976, 33.724040528000046 ], [ -84.538964894999935, 33.724039360000063 ], [ -84.538960216999953, 33.724037919000068 ], [ -84.538955542999986, 33.724036202000036 ], [ -84.538950861999979, 33.724034237000069 ], [ -84.538946545999977, 33.724031971000045 ], [ -84.538942223999982, 33.724029646000076 ], [ -84.538937904999955, 33.724026939000055 ], [ -84.538934276999953, 33.724024064000048 ], [ -84.538930316999938, 33.724021108000045 ], [ -84.538927076999983, 33.724017848000074 ], [ -84.538923839999939, 33.724014449000038 ], [ -84.538920962999953, 33.724010830000054 ], [ -84.538918445999968, 33.724007156000027 ], [ -84.53891589899996, 33.724003289000052 ], [ -84.538914568999985, 33.72400046100006 ], [ -84.538914070999965, 33.723999308000032 ], [ -84.538912775999961, 33.723996455000076 ], [ -84.538912311999979, 33.723995273000071 ], [ -84.538911312999971, 33.723992308000049 ], [ -84.538910877999967, 33.723991127000033 ], [ -84.538909848999936, 33.723988079000037 ], [ -84.538909414999978, 33.723986901000046 ], [ -84.538908705999972, 33.723982670000055 ], [ -84.538908355999979, 33.723978355000042 ], [ -84.538907977999941, 33.723974015000067 ], [ -84.538908353999943, 33.723969698000076 ], [ -84.538908695999964, 33.723965492000048 ], [ -84.538909436999973, 33.723961149000047 ], [ -84.538914439999985, 33.723947748000057 ], [ -84.538922378999985, 33.723935357000073 ], [ -84.538925590999952, 33.723931914000048 ], [ -84.538928931999976, 33.723928771000033 ], [ -84.538932400999954, 33.723925491000045 ], [ -84.53893633499996, 33.723922701000049 ], [ -84.538940269999955, 33.723919886000033 ], [ -84.538944372999936, 33.723917346000064 ], [ -84.538949031999948, 33.723915271000067 ], [ -84.538953560999971, 33.723913225000047 ], [ -84.538958259999958, 33.723911480000027 ], [ -84.538962954999988, 33.723909759000037 ], [ -84.538968015999956, 33.723908565000045 ], [ -84.538972909999984, 33.723907478000058 ], [ -84.538978036999936, 33.723906663000037 ], [ -84.538983200999951, 33.723906235000072 ], [ -84.538988260999986, 33.723905865000063 ], [ -84.538993560999984, 33.723906179000039 ], [ -84.53899658499995, 33.723906277000026 ], [ -84.539008580999962, 33.723782380000046 ], [ -84.539021581999975, 33.723647811000035 ], [ -84.539116949999936, 33.723112168000057 ], [ -84.539126327999952, 33.723059398000032 ], [ -84.539152206999972, 33.722914047000074 ], [ -84.53915243299997, 33.72291283900006 ], [ -84.539154244999963, 33.722913081000058 ], [ -84.539159639, 33.72291342300008 ], [ -84.539164735999975, 33.722913626000036 ], [ -84.539169736999952, 33.722913417000029 ], [ -84.539175127999954, 33.72291307100005 ], [ -84.539180190999957, 33.722912343000075 ], [ -84.539185219999979, 33.722911450000026 ], [ -84.539190245999976, 33.722910169000045 ], [ -84.539194940999948, 33.722908700000062 ], [ -84.539199605999954, 33.722907036000038 ], [ -84.539204298999948, 33.722905044000072 ], [ -84.53920859599998, 33.722902887000032 ], [ -84.539212926999937, 33.722900454000069 ], [ -84.539217256999962, 33.722897749000026 ], [ -84.539220894999971, 33.722894960000076 ], [ -84.539224433999948, 33.722891845000049 ], [ -84.539228006999963, 33.722888647000048 ], [ -84.539231282999936, 33.722885228000052 ], [ -84.539240267999958, 33.722871898000051 ], [ -84.539245369999946, 33.722857207000061 ], [ -84.539246006999974, 33.722852893000038 ], [ -84.539246219999939, 33.722848523000039 ], [ -84.539246398999978, 33.722844178000059 ], [ -84.539246247999984, 33.72284008400004 ], [ -84.539245502999961, 33.722835606000046 ], [ -84.539244596999936, 33.722831350000035 ], [ -84.539243429999942, 33.722827231000053 ], [ -84.539242266999963, 33.722824213000024 ], [ -84.539241832999949, 33.722823031000075 ], [ -84.539240004999954, 33.722819079000033 ], [ -84.539237950999961, 33.722815264000076 ], [ -84.539235531999964, 33.722811371000034 ], [ -84.539232787999936, 33.722807777000071 ], [ -84.539229876999968, 33.722804216000043 ], [ -84.539226378999956, 33.722800735000078 ], [ -84.539223039999968, 33.722797640000067 ], [ -84.539219347999961, 33.722794737000072 ], [ -84.539215254999988, 33.722791728000061 ], [ -84.539211099999989, 33.722789238000075 ], [ -84.539206811999975, 33.722786860000042 ], [ -84.539202298999953, 33.72278467600006 ], [ -84.539197786999978, 33.722782901000073 ], [ -84.539193043999944, 33.722781295000061 ], [ -84.539188104999937, 33.722779908000064 ], [ -84.539183131999948, 33.722778880000078 ], [ -84.539178130999971, 33.722777931000053 ], [ -84.539175464999971, 33.722777584000028 ], [ -84.539207244999943, 33.722582142000078 ], [ -84.53926497599997, 33.722227167000028 ], [ -84.539391630999944, 33.722226538000029 ], [ -84.540214094999953, 33.722229494000032 ], [ -84.540978609999968, 33.722232267000038 ], [ -84.541233928999986, 33.722233166000024 ], [ -84.54194864699997, 33.722235754000053 ], [ -84.54233480399995, 33.722237136000047 ], [ -84.543017454999983, 33.722239592000051 ], [ -84.543188115999953, 33.722240197000076 ], [ -84.543461165999986, 33.722241178000047 ], [ -84.543457727999964, 33.722162423000043 ], [ -84.543453574999944, 33.721866614000078 ], [ -84.543450960999962, 33.721681692000061 ], [ -84.543448809999973, 33.721528181000053 ], [ -84.543443236999963, 33.721133193000071 ], [ -84.543440028999953, 33.720843923000075 ], [ -84.543432992999954, 33.720211189000054 ], [ -84.544190215999947, 33.720205331000045 ], [ -84.544513, 33.720202831000051 ], [ -84.544980292999981, 33.720199204000039 ], [ -84.545406043999947, 33.720195920000037 ], [ -84.545757705999961, 33.720193192000067 ], [ -84.545899910999935, 33.720192096000062 ], [ -84.545899789999964, 33.720142187000079 ], [ -84.545901651999941, 33.720132535000062 ], [ -84.546249219999936, 33.720149140000046 ], [ -84.546909672999959, 33.720162303000052 ], [ -84.547127936999971, 33.720166636000044 ], [ -84.547377282999946, 33.720171610000079 ], [ -84.547377604999951, 33.720177380000052 ], [ -84.548267954999972, 33.720192742000052 ], [ -84.548370869999985, 33.72019451400007 ], [ -84.548427240999956, 33.720195494000052 ], [ -84.54849407599994, 33.720196636000026 ], [ -84.548547519999943, 33.720197155000051 ], [ -84.549105010999938, 33.720205736000025 ], [ -84.549118824999937, 33.720205940000028 ], [ -84.54947423699997, 33.720211188000064 ], [ -84.549911643999963, 33.720217664000074 ], [ -84.550042283999971, 33.720219542000052 ], [ -84.550089250999974, 33.720220192000056 ], [ -84.550594087999968, 33.720220355000038 ], [ -84.55062017299997, 33.720443789000058 ], [ -84.550692830999935, 33.721065629000066 ], [ -84.55072695299998, 33.721357770000054 ], [ -84.550762412999973, 33.721661232000031 ], [ -84.550798211999961, 33.721967577000044 ], [ -84.550833908999948, 33.72227312800004 ], [ -84.55084967099998, 33.722408210000026 ], [ -84.550849675999984, 33.722409364000043 ], [ -84.55084915599997, 33.722588359000042 ], [ -84.550849160999974, 33.722589542000037 ], [ -84.550848211999948, 33.722908011000072 ], [ -84.550848216999952, 33.722909194000067 ], [ -84.550847249999947, 33.723237997000069 ], [ -84.550847254999951, 33.723239205000027 ], [ -84.550846267999987, 33.723571307000043 ], [ -84.55084627399998, 33.723572490000038 ], [ -84.550845484999968, 33.723838521000062 ], [ -84.550845490999961, 33.723839704000056 ], [ -84.550844663999953, 33.724119257000041 ], [ -84.550844668999957, 33.724120440000036 ], [ -84.55084379799996, 33.724412030000053 ], [ -84.550843802999964, 33.724413214000037 ], [ -84.55084347199994, 33.724516080000058 ], [ -84.550843476999944, 33.724517263000052 ], [ -84.550842603999968, 33.72480844100005 ], [ -84.550842608999972, 33.724809624000045 ], [ -84.550841709999986, 33.725102893000042 ], [ -84.550841715999979, 33.725104072000079 ], [ -84.550840795999989, 33.725406986000053 ], [ -84.550840800999936, 33.725408169000048 ], [ -84.550839924999934, 33.725698717000057 ], [ -84.550839899999971, 33.725699900000052 ], [ -84.550838991999967, 33.725998609000044 ], [ -84.550838996999971, 33.725999788000024 ], [ -84.550837627999954, 33.72645218100007 ], [ -84.550837632999958, 33.726453365000054 ], [ -84.550836458999981, 33.726839853000058 ], [ -84.550836464999975, 33.726841036000053 ], [ -84.550831830999982, 33.728369901000065 ], [ -84.55083153399994, 33.728369844000042 ], [ -84.54944338599995, 33.728368053000054 ], [ -84.549352111999951, 33.728367924000054 ], [ -84.549254656999949, 33.728367813000034 ], [ -84.548583701999974, 33.728366897000058 ], [ -84.548462006999955, 33.728366779000055 ], [ -84.548330439999972, 33.728366662000042 ], [ -84.547121667999988, 33.728362036000078 ], [ -84.547022400999936, 33.72836165700005 ], [ -84.546280559999957, 33.728358828000069 ], [ -84.546058540999979, 33.728357998000035 ], [ -84.545673079999972, 33.728356514000041 ], [ -84.545292292999989, 33.728355073000046 ], [ -84.544990543999972, 33.728353907000042 ], [ -84.544936340999982, 33.728353690000063 ], [ -84.544725042999971, 33.728352882000024 ], [ -84.544500358999983, 33.728352028000074 ], [ -84.544500358999983, 33.728351974000077 ], [ -84.544500195999944, 33.728351975000066 ], [ -84.544103846999974, 33.728350437000074 ], [ -84.543581593999988, 33.728348433000065 ], [ -84.543124134999971, 33.728346667000039 ], [ -84.54207047999995, 33.728342619000045 ], [ -84.541704853999988, 33.72834120300007 ], [ -84.54138047899994, 33.72833993200004 ], [ -84.541051855999967, 33.728338678000057 ], [ -84.540622484999972, 33.728337011000065 ], [ -84.540101217999961, 33.72833498600005 ], [ -84.540032835999966, 33.728334698000026 ], [ -84.539999419999958, 33.728334580000023 ], [ -84.539943401999949, 33.728227238000045 ], [ -84.539915676999954, 33.728235814000072 ], [ -84.539807837999945, 33.728269119000061 ], [ -84.539699441999971, 33.728302619000033 ], [ -84.539810761999945, 33.72851834800008 ], [ -84.539865023999937, 33.728623499000037 ], [ -84.539887482999973, 33.728667045000066 ], [ -84.539957183999945, 33.728828432000057 ], [ -84.539968524999949, 33.728849751000041 ], [ -84.539975957999957, 33.728864017000035 ], [ -84.539990389999957, 33.728892694000024 ], [ -84.540000908999957, 33.728914317000033 ], [ -84.540007779999939, 33.728928782000025 ], [ -84.540014517999964, 33.728943272000038 ], [ -84.540024380999967, 33.728965091000077 ], [ -84.540033948999962, 33.728987018000055 ], [ -84.540040198999975, 33.729001675000063 ], [ -84.540046311999959, 33.729016361000049 ], [ -84.540055223999957, 33.729038483000068 ], [ -84.540063869999983, 33.729060664000031 ], [ -84.540069494999955, 33.729075517000069 ], [ -84.540077647999965, 33.729097806000027 ], [ -84.540084675999935, 33.729117655000039 ], [ -84.540093136999985, 33.72914266500004 ], [ -84.540100437999968, 33.729165179000063 ], [ -84.540107476999935, 33.729187778000039 ], [ -84.540114220999953, 33.729210401000046 ], [ -84.540120634999937, 33.729233109000063 ], [ -84.540124775999971, 33.729248295000048 ], [ -84.540128257999982, 33.729261695000048 ], [ -84.540132637999989, 33.729278695000062 ], [ -84.540177380999978, 33.729433313000072 ], [ -84.540258691999952, 33.72971410100007 ], [ -84.540261897999983, 33.729725251000048 ], [ -84.540379479999956, 33.730202237000071 ], [ -84.540405495999948, 33.730300188000058 ], [ -84.540460525999947, 33.730300957000054 ], [ -84.540462203999937, 33.730300981000028 ], [ -84.540489196999943, 33.730404560000068 ], [ -84.540515150999965, 33.730504053000061 ], [ -84.540532545999952, 33.730570808000039 ], [ -84.540736914999968, 33.731354593000049 ], [ -84.54075394399996, 33.731419868000046 ], [ -84.540763306999963, 33.73145584100007 ], [ -84.54077558399996, 33.73150288100004 ], [ -84.540790102999949, 33.73155937100006 ], [ -84.540837311999951, 33.731742781000037 ], [ -84.540869094999948, 33.731866413000034 ], [ -84.540889740999944, 33.731946654000069 ], [ -84.54101490499994, 33.732433233000052 ], [ -84.541021637999961, 33.732461192000073 ], [ -84.541026699999975, 33.732483767000076 ], [ -84.541029716999958, 33.732496949000051 ], [ -84.541030081999963, 33.732496919000027 ], [ -84.541034279999963, 33.732517189000077 ], [ -84.541037247999952, 33.732533669000077 ], [ -84.541039597999941, 33.732545369000036 ], [ -84.541041618999941, 33.732556222000028 ], [ -84.541045216999976, 33.732573496000043 ], [ -84.541047655999989, 33.732589784000027 ], [ -84.541049744999953, 33.732601762000058 ], [ -84.541052346999948, 33.732617942000047 ], [ -84.541054505999966, 33.732630138000047 ], [ -84.541058738999936, 33.732658293000043 ], [ -84.541061470999978, 33.732680739000045 ], [ -84.541062250999971, 33.732686615000034 ], [ -84.541065694999986, 33.732714996000027 ], [ -84.541066825999962, 33.73272538100008 ], [ -84.541068975999963, 33.732743459000062 ], [ -84.541071565999971, 33.732771619000061 ], [ -84.541074126999945, 33.732800138000073 ], [ -84.541074195999954, 33.732801321000068 ], [ -84.54107589399996, 33.732828660000052 ], [ -84.541075962999969, 33.732829843000047 ], [ -84.541077660999974, 33.732857152000065 ], [ -84.54107769999996, 33.73285833500006 ], [ -84.541078607999964, 33.732885676000024 ], [ -84.541078647999939, 33.732886859000075 ], [ -84.541079555999943, 33.732914175000076 ], [ -84.541079590999971, 33.732915354000056 ], [ -84.541079617999969, 33.732921567000062 ], [ -84.541079622999973, 33.732922750000057 ], [ -84.541080004999969, 33.732942643000058 ], [ -84.541080010999963, 33.732943826000053 ], [ -84.541080128999965, 33.732971145000079 ], [ -84.541080134999959, 33.732972353000036 ], [ -84.541079933999981, 33.732994395000048 ], [ -84.541079938999985, 33.732995574000029 ], [ -84.541079927999988, 33.732999697000025 ], [ -84.541079901999979, 33.733001651000052 ], [ -84.541079871999955, 33.733002830000032 ], [ -84.541079325999988, 33.733028172000047 ], [ -84.541079266999986, 33.733029355000042 ], [ -84.541078363999986, 33.733056648000058 ], [ -84.541078304999985, 33.733057827000039 ], [ -84.541077007999945, 33.733085150000079 ], [ -84.541076948999944, 33.733086333000074 ], [ -84.541075320999937, 33.733113599000035 ], [ -84.541075261999936, 33.733114783000076 ], [ -84.541073243999961, 33.733142079000061 ], [ -84.541073179999955, 33.733143258000041 ], [ -84.541067964999968, 33.733198901000037 ], [ -84.541064797, 33.733227297000042 ], [ -84.541062475999979, 33.733246185000041 ], [ -84.54106091899996, 33.733257926000078 ], [ -84.541058720999956, 33.733274533000042 ], [ -84.54105839999994, 33.733276678000038 ], [ -84.541054565999957, 33.733302825000067 ], [ -84.54105216499994, 33.733317892000059 ], [ -84.541050785999971, 33.733326417000058 ], [ -84.541050050999957, 33.733331061000058 ], [ -84.541045175999955, 33.733359301000064 ], [ -84.541039934999958, 33.733387461000063 ], [ -84.540992345999939, 33.733389720000048 ], [ -84.540939365999975, 33.733392218000063 ], [ -84.540934334999974, 33.733392451000043 ], [ -84.540907005999941, 33.733393742000032 ], [ -84.540886188999934, 33.733394741000041 ], [ -84.540834427999982, 33.733397177000029 ], [ -84.540805816999978, 33.733398559000079 ], [ -84.540733859999989, 33.73340201700006 ], [ -84.540684529999965, 33.733404227000051 ], [ -84.540641351999966, 33.733406448000039 ], [ -84.540635200999986, 33.733406768000066 ], [ -84.540585873999987, 33.733409667000046 ], [ -84.540578375999985, 33.733410155000058 ], [ -84.54052586399996, 33.733413641000027 ], [ -84.540478083999972, 33.733417112000041 ], [ -84.540477457999941, 33.733417139000039 ], [ -84.54047666799994, 33.73341719900003 ], [ -84.540443558999982, 33.733419962000028 ], [ -84.540427281999939, 33.733421306000025 ], [ -84.540427281999939, 33.733421141000065 ], [ -84.540427015999967, 33.733405283000025 ], [ -84.540425520999975, 33.733310939000035 ], [ -84.540382941999951, 33.733314696000036 ], [ -84.540351012999963, 33.733317678000049 ], [ -84.540319088999979, 33.733320825000078 ], [ -84.540276576999986, 33.733325241000045 ], [ -84.540234100999953, 33.73332993300005 ], [ -84.540202273999967, 33.73333365700006 ], [ -84.540170485999965, 33.733337492000032 ], [ -84.540128140999968, 33.733342868000079 ], [ -84.54009638499997, 33.733347058000049 ], [ -84.540054110999961, 33.733352903000025 ], [ -84.540011902999936, 33.73335899600005 ], [ -84.539980276999984, 33.733363762000067 ], [ -84.53994869099995, 33.733368668000026 ], [ -84.53990661399996, 33.733375416000058 ], [ -84.539875093999967, 33.733380681000028 ], [ -84.539833151999972, 33.733387923000066 ], [ -84.539801731999944, 33.733393517000025 ], [ -84.53977034199994, 33.733399272000042 ], [ -84.539738987999954, 33.733405167000058 ], [ -84.539707702999976, 33.733411222000029 ], [ -84.539676413999985, 33.733417418000045 ], [ -84.539645193999945, 33.733423778000031 ], [ -84.539614039999947, 33.733430278000071 ], [ -84.539572533999944, 33.733439168000075 ], [ -84.539531093999983, 33.733448309000039 ], [ -84.539489752999941, 33.733457721000036 ], [ -84.539185337999982, 33.733528695000075 ], [ -84.538756152999952, 33.733628732000057 ], [ -84.538622184999952, 33.73366046600006 ], [ -84.538550091, 33.733677968000052 ], [ -84.538478165999948, 33.733695886000078 ], [ -84.53840637199994, 33.733714212000052 ], [ -84.538369279999984, 33.733723858000076 ], [ -84.538299001999974, 33.733742456000073 ], [ -84.538227606999953, 33.733761827000023 ], [ -84.538156380999965, 33.733781610000051 ], [ -84.538097210999979, 33.733798385000057 ], [ -84.538049838999939, 33.733812024000031 ], [ -84.538014422999936, 33.73382237900006 ], [ -84.537943695999957, 33.733843397000044 ], [ -84.537873162999972, 33.73386479800007 ], [ -84.537837950999972, 33.733875651000062 ], [ -84.53778026699996, 33.733893715000079 ], [ -84.537732604999974, 33.733908864000057 ], [ -84.537697587999958, 33.733920124000065 ], [ -84.53762768699994, 33.733942954000042 ], [ -84.537557955999944, 33.73396619500005 ], [ -84.53748264099994, 33.733991840000044 ], [ -84.537419120999971, 33.734013879000031 ], [ -84.53738453699998, 33.734026049000079 ], [ -84.537315502999945, 33.734050689000071 ], [ -84.537246696999944, 33.734075737000069 ], [ -84.537218223999957, 33.734086294000065 ], [ -84.537177336999946, 33.73410147900006 ], [ -84.537140524999984, 33.734115383000074 ], [ -84.537109687999987, 33.734127018000038 ], [ -84.537069393999957, 33.734142532000078 ], [ -84.537043119999964, 33.734152670000071 ], [ -84.537042331999942, 33.73415297300005 ], [ -84.537041513999952, 33.734153276000029 ], [ -84.536973567999951, 33.734179892000043 ], [ -84.536960465999982, 33.734185097000079 ], [ -84.536952978999977, 33.734188087000064 ], [ -84.536939679999989, 33.734193379000033 ], [ -84.53690497499997, 33.734207334000075 ], [ -84.536872037999956, 33.734220567000079 ], [ -84.536831052999958, 33.734235806000072 ], [ -84.536825436999948, 33.734237884000038 ], [ -84.536700247999988, 33.734284459000037 ], [ -84.536548671999981, 33.734352602000058 ], [ -84.536316419999935, 33.734447535000072 ], [ -84.536301125999955, 33.734454754000069 ], [ -84.536294132999956, 33.734457932000055 ], [ -84.536291571999982, 33.734459094000044 ], [ -84.536288813999988, 33.734460339000066 ], [ -84.536283524999988, 33.734462664000034 ], [ -84.536281259999953, 33.734463660000074 ], [ -84.536273251999944, 33.734467175000077 ], [ -84.536257555999953, 33.734473765000075 ], [ -84.536244911999972, 33.734478885000044 ], [ -84.536228986999959, 33.734485063000079 ], [ -84.536212926999951, 33.734491018000028 ], [ -84.536202812999989, 33.734494594000068 ], [ -84.536199921, 33.734495621000065 ], [ -84.536196733999986, 33.734496727000078 ], [ -84.53618372699998, 33.734501136000063 ], [ -84.53617061999995, 33.734505408000075 ], [ -84.536157448999973, 33.734509517000049 ], [ -84.536140926999963, 33.734514430000047 ], [ -84.536127585999964, 33.734518180000066 ], [ -84.536114215999987, 33.734521790000031 ], [ -84.536100809999937, 33.734525240000039 ], [ -84.536087304999967, 33.734528549000061 ], [ -84.536067152999976, 33.734531742000058 ], [ -84.536049465999952, 33.734534351000036 ], [ -84.536029217999953, 33.734537050000029 ], [ -84.536008900999946, 33.734539531000053 ], [ -84.536010712999939, 33.734571049000067 ], [ -84.536058690999937, 33.73463752300006 ], [ -84.536028312999974, 33.734641324000052 ], [ -84.535997903999942, 33.73464460200006 ], [ -84.535967353999979, 33.734647331000076 ], [ -84.535936806999985, 33.734649537000053 ], [ -84.535906158999978, 33.734651224000061 ], [ -84.535875503999989, 33.734652359000052 ], [ -84.535844816999941, 33.73465294500005 ], [ -84.535814126999981, 33.734653037000044 ], [ -84.535783434999985, 33.734652552000057 ], [ -84.535752775999981, 33.734651572000075 ], [ -84.535727246999954, 33.734650329000033 ], [ -84.535696646999952, 33.734648359000062 ], [ -84.535666074999938, 33.734645841000031 ], [ -84.535635603999935, 33.734642799000028 ], [ -84.535605229999987, 33.734639233000053 ], [ -84.535574916999963, 33.734635119000075 ], [ -84.535554772999944, 33.73463210400007 ], [ -84.535539693999965, 33.734629675000065 ], [ -84.535524653999971, 33.734627107000051 ], [ -84.535504670999956, 33.734623514000077 ], [ -84.535489693999978, 33.734620644000074 ], [ -84.53546980699997, 33.734616635000066 ], [ -84.535449988999972, 33.73461238200008 ], [ -84.53543517199995, 33.73460904600006 ], [ -84.535415479999983, 33.73460437600005 ], [ -84.535395885999947, 33.734599517000049 ], [ -84.534427268999934, 33.734376005000058 ], [ -84.534026000999972, 33.73428276900006 ], [ -84.533704739999962, 33.734208120000062 ], [ -84.533693740999979, 33.734205485000075 ], [ -84.533412016999989, 33.734137949000058 ], [ -84.53333059299996, 33.734118786000067 ], [ -84.533276196999964, 33.734106280000049 ], [ -84.533252954999966, 33.734101015000078 ], [ -84.533221741999967, 33.734093992000055 ], [ -84.533167218999949, 33.734081923000076 ], [ -84.533112598999935, 33.73407007600008 ], [ -84.533096429999944, 33.734066633000054 ], [ -84.533057944999939, 33.734058473000061 ], [ -84.533003227999984, 33.734047068000052 ], [ -84.532920990999969, 33.734030411000049 ], [ -84.532839412999977, 33.734014410000043 ], [ -84.532691587999977, 33.733983766000051 ], [ -84.532401, 33.733926720000056 ], [ -84.532385953999949, 33.733923850000053 ], [ -84.531913354999972, 33.733834173000048 ], [ -84.531909404999965, 33.733833443000037 ], [ -84.531811372999982, 33.73381531800004 ], [ -84.531744710999988, 33.733802765000064 ], [ -84.531570697999939, 33.733769942000038 ], [ -84.531364094999958, 33.73373097700005 ], [ -84.531321371999979, 33.733723960000077 ], [ -84.531264490999945, 33.733714263000024 ], [ -84.531207707999954, 33.733704207000073 ], [ -84.531159974, 33.733695443000045 ], [ -84.530888840999978, 33.733642900000063 ], [ -84.530783672999974, 33.733625208000035 ], [ -84.530678635999948, 33.733607185000039 ], [ -84.530633801999954, 33.733599378000065 ], [ -84.530626133999988, 33.733598052000048 ], [ -84.530521158999989, 33.733579535000047 ], [ -84.530468720999977, 33.73357018300004 ], [ -84.530416311999943, 33.733560716000056 ], [ -84.530312390999939, 33.733541729000024 ], [ -84.530093825999984, 33.733497439000075 ], [ -84.530016361999969, 33.733481977000054 ], [ -84.530001350999953, 33.733479301000045 ], [ -84.529986373999975, 33.733476401000075 ], [ -84.529971460999946, 33.733473341000035 ], [ -84.529956575999961, 33.733470087000057 ], [ -84.529934385999979, 33.733464904000073 ], [ -84.529912356999944, 33.733459305000054 ], [ -84.529890458999944, 33.73345329700004 ], [ -84.529875935999939, 33.73344908200005 ], [ -84.52986509699997, 33.733445816000028 ], [ -84.529847147999988, 33.733440151000025 ], [ -84.529825738999989, 33.733432987000072 ], [ -84.529804554999942, 33.733425435000072 ], [ -84.529783536999958, 33.733417529000064 ], [ -84.529762744999971, 33.733409205000044 ], [ -84.529643232999945, 33.733359733000043 ], [ -84.529485134999959, 33.733294240000077 ], [ -84.529448755999965, 33.733278900000073 ], [ -84.529412509999986, 33.733263342000043 ], [ -84.52937645999998, 33.733247618000064 ], [ -84.529128769999943, 33.733137235000072 ], [ -84.528905407999957, 33.733039366000071 ], [ -84.528819394999971, 33.733000785000058 ], [ -84.528776062999953, 33.732981537000057 ], [ -84.528689163999957, 33.732943314000067 ], [ -84.528602, 33.732905508000044 ], [ -84.528558339999961, 33.732886755000038 ], [ -84.528514610999935, 33.732868085000064 ], [ -84.528427653999984, 33.732831350000026 ], [ -84.52837416999995, 33.732807951000041 ], [ -84.528320452999935, 33.732784034000076 ], [ -84.528266935999966, 33.732759815000065 ], [ -84.528124563999938, 33.732694192000054 ], [ -84.528005985999982, 33.732639934000076 ], [ -84.527930812999955, 33.732777759000044 ], [ -84.52774143399995, 33.734463314000038 ], [ -84.527451924, 33.734326527000064 ], [ -84.527636079999979, 33.732649533000028 ], [ -84.527666949999968, 33.732583047000048 ], [ -84.52770183399997, 33.73250794300003 ], [ -84.527271129999974, 33.732325727000045 ], [ -84.527221040999962, 33.732304549000048 ], [ -84.527178898999978, 33.73228645100005 ], [ -84.527136848999987, 33.73226810500006 ], [ -84.527094966999982, 33.732249541000044 ], [ -84.527032414999951, 33.732221279000044 ], [ -84.526852642999984, 33.732138556000052 ], [ -84.527143165999973, 33.730105685000069 ], [ -84.527253625999947, 33.730107449000059 ], [ -84.52725331399995, 33.729923015000054 ], [ -84.527252977999979, 33.729724870000041 ], [ -84.527252103999956, 33.729192452000063 ], [ -84.527251716999956, 33.728958496000075 ], [ -84.527251460999935, 33.728802918000042 ], [ -84.527250506999962, 33.728237414000034 ], [ -84.527250028999958, 33.727941512000029 ], [ -84.527249482999935, 33.727606748000028 ], [ -84.527248739999948, 33.727161233000061 ], [ -84.527247926999962, 33.726668500000073 ], [ -84.527247199999977, 33.726235105000058 ], [ -84.527235300999962, 33.726111304000028 ], [ -84.52722787, 33.726111214000071 ], [ -84.52718566599998, 33.72611045900004 ], [ -84.527141060999952, 33.726109241000074 ], [ -84.527115372999958, 33.726108356000054 ], [ -84.52708724699994, 33.726107201000048 ], [ -84.527038098999981, 33.726104789000033 ], [ -84.526988977999963, 33.726101853000046 ], [ -84.526939894999941, 33.726098397000044 ], [ -84.526897875999964, 33.726095003000069 ], [ -84.526848916999938, 33.726090554000052 ], [ -84.526771461999942, 33.726082811000026 ], [ -84.526717463999944, 33.726076950000049 ], [ -84.526674126999978, 33.726071882000042 ], [ -84.526638783999942, 33.726067479000051 ], [ -84.526603504999969, 33.726062854000077 ], [ -84.526568258999987, 33.726058038000076 ], [ -84.526533046999987, 33.726052971000058 ], [ -84.526497897999946, 33.72604769000003 ], [ -84.526462782999943, 33.726042186000029 ], [ -84.526461231999974, 33.726041914000064 ], [ -84.526357751999967, 33.726024325000026 ], [ -84.526322864999941, 33.726017942000055 ], [ -84.526288035999983, 33.726011336000056 ], [ -84.526253274999988, 33.726004512000031 ], [ -84.526238332999981, 33.726001476000079 ], [ -84.52622151099996, 33.725998062000031 ], [ -84.526218547999974, 33.725997469000049 ], [ -84.526217031999977, 33.725997143000029 ], [ -84.526183918999948, 33.725990203000038 ], [ -84.526148231999969, 33.725982474000034 ], [ -84.525861855999949, 33.72591185400006 ], [ -84.525838444999977, 33.725905710000063 ], [ -84.525626958999965, 33.725850096000045 ], [ -84.525578295999935, 33.725837293000041 ], [ -84.525561370999981, 33.725832972000035 ], [ -84.525551690999976, 33.725830638000048 ], [ -84.525546490999943, 33.725829359000045 ], [ -84.525529438999968, 33.72582539800004 ], [ -84.525519888999952, 33.725823311000056 ], [ -84.525510179999969, 33.72582116600006 ], [ -84.525498724999977, 33.725818809000032 ], [ -84.525492996999958, 33.725817642000038 ], [ -84.525483185999974, 33.725815750000038 ], [ -84.525475779999965, 33.725814312000068 ], [ -84.525458464999986, 33.725811175000047 ], [ -84.525441120999972, 33.725808258000029 ], [ -84.525423743999966, 33.725805559000037 ], [ -84.525404096999978, 33.725802730000055 ], [ -84.525403964999953, 33.725810291000073 ], [ -84.525403858999937, 33.725816640000062 ], [ -84.525387237999951, 33.725814462000073 ], [ -84.525381842999934, 33.725813760000051 ], [ -84.525360682999974, 33.725811323000073 ], [ -84.525339459999941, 33.72580918400007 ], [ -84.525318207999987, 33.725807349000036 ], [ -84.52529691899997, 33.725805820000062 ], [ -84.525275570999952, 33.725804616000062 ], [ -84.525254219999965, 33.725803718000066 ], [ -84.525228596999966, 33.725803021000047 ], [ -84.525211491999983, 33.725802823000038 ], [ -84.524771837999936, 33.725800030000073 ], [ -84.524418551999986, 33.725797785000054 ], [ -84.524172692999969, 33.725796217000038 ], [ -84.524165785999969, 33.725796180000032 ], [ -84.524166771999944, 33.725741296000024 ], [ -84.524168694999958, 33.72563391500006 ], [ -84.524178435999943, 33.725087041000052 ], [ -84.524182243999974, 33.724871648000033 ], [ -84.524187421999954, 33.724582024000028 ], [ -84.524189022999963, 33.724492069000064 ], [ -84.524192600999982, 33.724291382000047 ], [ -84.524193692999972, 33.724229790000038 ], [ -84.523749652999982, 33.724231075000034 ], [ -84.522994779999976, 33.724233255000058 ], [ -84.522990076999974, 33.724495534000027 ], [ -84.52296795999996, 33.725733683000044 ], [ -84.522803501999988, 33.725732649000065 ], [ -84.522809409999979, 33.725401288000057 ], [ -84.522825557999965, 33.724496009000063 ], [ -84.522827030999963, 33.724414246000038 ], [ -84.522846720999951, 33.723310728000058 ], [ -84.522855292999964, 33.722830129000045 ], [ -84.522868531999961, 33.722087910000027 ], [ -84.522856593999961, 33.722087961000057 ], [ -84.521562538999945, 33.722093133000044 ], [ -84.520146928999964, 33.722098780000067 ], [ -84.519572920999963, 33.722101069000075 ], [ -84.519212369999934, 33.722102503000031 ], [ -84.519112199999938, 33.722102904000053 ], [ -84.518969402999971, 33.721760680000045 ], [ -84.518829849999975, 33.721426246000078 ], [ -84.518805716999964, 33.721368412000061 ], [ -84.518793236999954, 33.721338503000027 ], [ -84.518981138999948, 33.72127507600004 ], [ -84.518985990999965, 33.721273438000026 ], [ -84.519212870999979, 33.721169183000029 ], [ -84.519236193999973, 33.721149559000025 ], [ -84.519254054999976, 33.721134532000065 ], [ -84.519163185999957, 33.721091469000044 ], [ -84.519163086999981, 33.721091379000029 ], [ -84.518672045999949, 33.720620515000064 ], [ -84.518671981999944, 33.720620627000073 ], [ -84.518072528999937, 33.720912467000062 ], [ -84.518395227999974, 33.721419178000076 ], [ -84.518396109999969, 33.721418800000038 ], [ -84.518444572999954, 33.721494638000024 ], [ -84.518403706999948, 33.721509409000078 ], [ -84.518357008999942, 33.721529086000032 ], [ -84.518294750999985, 33.721556950000036 ], [ -84.518230583, 33.721592964000024 ], [ -84.518145021999942, 33.72164207000003 ], [ -84.51810295599995, 33.721668618000024 ], [ -84.518067260999942, 33.721691150000026 ], [ -84.517987557999959, 33.721741863000034 ], [ -84.517911765999941, 33.721795826000061 ], [ -84.517852671999947, 33.721838826000067 ], [ -84.517804801999944, 33.72187580800005 ], [ -84.517730281999945, 33.721940700000061 ], [ -84.51765648199995, 33.72200685100006 ], [ -84.517585198999939, 33.72207435100006 ], [ -84.517548835999946, 33.722109610000075 ], [ -84.517546615999947, 33.722109559000046 ], [ -84.517208818999961, 33.722110411000074 ], [ -84.516191212999956, 33.722096117000035 ], [ -84.515820599999984, 33.722090899000079 ], [ -84.513982070999987, 33.722065054000041 ], [ -84.513971643, 33.721827746000031 ], [ -84.513973575999955, 33.721523703000059 ], [ -84.513984687999937, 33.721220318000064 ], [ -84.514021322999952, 33.720933957000057 ], [ -84.513899930999969, 33.720614402000024 ], [ -84.514069905999975, 33.719922436000047 ], [ -84.514028315999951, 33.719917989000066 ], [ -84.513202867999951, 33.719829615000037 ], [ -84.512650832999952, 33.719770511000036 ], [ -84.512650012999984, 33.719770377000032 ], [ -84.512064402999954, 33.719717704000061 ], [ -84.507963613999948, 33.719348859000036 ], [ -84.507965472999956, 33.719327640000074 ], [ -84.507969531999947, 33.719289839000055 ], [ -84.507980051999937, 33.719205713000065 ], [ -84.508004448999941, 33.719021870000063 ], [ -84.508042168999964, 33.718737952000026 ], [ -84.508052498999973, 33.718664409000041 ], [ -84.508060087, 33.718612281000048 ], [ -84.508066974999963, 33.718566450000026 ], [ -84.508072938999987, 33.718527820000077 ], [ -84.508082342999955, 33.718468543000029 ], [ -84.508084461999943, 33.718455370000072 ], [ -84.508137246, 33.718123896000066 ], [ -84.508156200999963, 33.717993547000049 ], [ -84.508176981999952, 33.717850855000052 ], [ -84.508296363999989, 33.717029182000033 ], [ -84.514006785999982, 33.717282612000076 ], [ -84.514296175999959, 33.71729545900007 ], [ -84.514531785999964, 33.717305897000074 ], [ -84.514720824999984, 33.717314298000076 ], [ -84.514855632999968, 33.716778280000028 ], [ -84.515304990999937, 33.71548195400004 ], [ -84.515837879999935, 33.71440986600004 ], [ -84.516125636999959, 33.714029162000031 ], [ -84.516274824999982, 33.713854941000079 ], [ -84.512291418999951, 33.713774770000043 ], [ -84.512375329999941, 33.71317233700006 ], [ -84.511861305999957, 33.713158963000069 ], [ -84.511070199999949, 33.713171337000063 ], [ -84.51047099799996, 33.713173006000034 ], [ -84.510039658999972, 33.71311154600005 ], [ -84.506008049999934, 33.713006547000077 ], [ -84.505988986999967, 33.714213552000047 ], [ -84.505974486999946, 33.715133432000073 ], [ -84.505971621999947, 33.715379496000025 ], [ -84.505873355999938, 33.715381687000047 ], [ -84.505936095999971, 33.716304236000042 ], [ -84.505438052999978, 33.716745816000071 ], [ -84.504910085999938, 33.716412381000055 ], [ -84.503977529999986, 33.716302362000079 ], [ -84.503610514999934, 33.716897201000052 ], [ -84.505112120999968, 33.717573615000049 ], [ -84.505394989999957, 33.717079101000024 ], [ -84.50594979899995, 33.717015038000056 ], [ -84.505948388999968, 33.717100486000049 ], [ -84.50593852999998, 33.717696969000031 ], [ -84.505938771999979, 33.717696968000041 ], [ -84.505934229, 33.717971696000063 ], [ -84.50592815899995, 33.718338617000029 ], [ -84.505925137999952, 33.718521288000034 ], [ -84.505918674999975, 33.718912376000048 ], [ -84.505915977999962, 33.719070814000077 ], [ -84.505915314999982, 33.71911543300007 ], [ -84.505915314999982, 33.719115474000034 ], [ -84.505906966999987, 33.719620485000064 ], [ -84.505906630999959, 33.719620490000068 ], [ -84.505900142999963, 33.720032919000062 ], [ -84.505898664999961, 33.720122494000066 ], [ -84.50589333299996, 33.72044487900007 ], [ -84.505889885999977, 33.720653390000052 ], [ -84.505888756, 33.720719842000051 ], [ -84.505887772999984, 33.720780992000073 ], [ -84.505875160999949, 33.721544091000055 ], [ -84.505936801999951, 33.721544083000026 ], [ -84.506049533999942, 33.721544218000076 ], [ -84.50604150099997, 33.722051676000035 ], [ -84.505742826999949, 33.722534708000069 ], [ -84.505731923999974, 33.722923396000056 ], [ -84.505403052999952, 33.722920341000076 ], [ -84.505401633999952, 33.722918399000037 ], [ -84.505331930999944, 33.72289104400005 ], [ -84.505319184999962, 33.722891450000077 ], [ -84.504636944999959, 33.722913177000066 ], [ -84.504623416999948, 33.722913049000056 ], [ -84.504488976999937, 33.722920445000057 ], [ -84.50417355999997, 33.722937805000072 ], [ -84.504143033999981, 33.722939488000065 ], [ -84.504119195999976, 33.722940802000039 ], [ -84.504119008999965, 33.722940811000058 ], [ -84.504026908999947, 33.722938659000079 ], [ -84.503977416999987, 33.72293738500008 ], [ -84.503954543999953, 33.722936796000056 ], [ -84.503882821, 33.722935297000049 ], [ -84.503504376999956, 33.722931482000035 ], [ -84.503433648999987, 33.722930768000026 ], [ -84.503153785999984, 33.72297048300004 ], [ -84.502977844999975, 33.722995454000056 ], [ -84.502975661999983, 33.722968149000053 ], [ -84.502836219999949, 33.721223076000058 ], [ -84.502819794999937, 33.721017492000044 ], [ -84.502804960999981, 33.720927570000072 ], [ -84.50256118599998, 33.719449980000036 ], [ -84.502498994999939, 33.719073025000057 ], [ -84.502497595999955, 33.719065938000028 ], [ -84.502190183999971, 33.719076663000067 ], [ -84.502067132999969, 33.719080955000038 ], [ -84.501998472999958, 33.719083339000065 ], [ -84.502001630999985, 33.719100038000079 ], [ -84.501693522999972, 33.719104531000028 ], [ -84.502001359999952, 33.719100055000069 ], [ -84.502001379999967, 33.719100125000068 ], [ -84.502124613999968, 33.719962259000056 ], [ -84.502155282, 33.72042864000008 ], [ -84.502181331999964, 33.720824825000079 ], [ -84.502158229999964, 33.720921392000037 ], [ -84.502160866999986, 33.720938666000052 ], [ -84.5021066, 33.721365785000046 ], [ -84.501981667999985, 33.722272603000079 ], [ -84.501983619999976, 33.722345646000065 ], [ -84.501994459999935, 33.722752075000074 ], [ -84.502001158999974, 33.72300309700006 ], [ -84.501903695999943, 33.723003362000043 ], [ -84.501309357999958, 33.723004974000048 ], [ -84.501075403999948, 33.723005608000051 ], [ -84.500599652999938, 33.723006895000026 ], [ -84.500345932999949, 33.722978538000064 ], [ -84.500156670999957, 33.722957374000032 ], [ -84.500118289999989, 33.722947225000041 ], [ -84.50011137499996, 33.722945319000075 ], [ -84.500094850999972, 33.722940775000041 ], [ -84.500064160999955, 33.722932007000054 ], [ -84.499991333999958, 33.722911485000054 ], [ -84.499984941999969, 33.722909276000053 ], [ -84.499932744999967, 33.72289113800008 ], [ -84.499895329999958, 33.722878188000038 ], [ -84.499857954999982, 33.722865452000065 ], [ -84.499857391999967, 33.722865263000074 ], [ -84.499766664999981, 33.722834067000065 ], [ -84.499703595999961, 33.722812335000071 ], [ -84.49966342, 33.722798481000041 ], [ -84.499630483999965, 33.722786915000029 ], [ -84.499535306999974, 33.722754333000069 ], [ -84.499483407999946, 33.722736306000058 ], [ -84.499424227999953, 33.722715964000031 ], [ -84.499412400999972, 33.722711845000049 ], [ -84.499381807999953, 33.722701180000058 ], [ -84.499346768999942, 33.722689213000024 ], [ -84.499316205999946, 33.722678742000028 ], [ -84.499301153999966, 33.722673477000058 ], [ -84.499258174999966, 33.722658422000052 ], [ -84.499231370999951, 33.72264917800004 ], [ -84.49921084999994, 33.722642007000047 ], [ -84.499166621999962, 33.722626543000047 ], [ -84.499125316999937, 33.722610330000066 ], [ -84.499125084999946, 33.722610248000024 ], [ -84.499036288999946, 33.722576819000039 ], [ -84.499018140999965, 33.722569559000078 ], [ -84.499016227999959, 33.72256879300005 ], [ -84.499005026999953, 33.722564318000025 ], [ -84.498959805999959, 33.722547208000037 ], [ -84.498921827999936, 33.722532717000036 ], [ -84.498910103999947, 33.722528238000052 ], [ -84.498852890999956, 33.722506272000032 ], [ -84.49883503999996, 33.722499336000055 ], [ -84.498817084999985, 33.72249245900008 ], [ -84.498798740999973, 33.722485447000054 ], [ -84.498786552999945, 33.722480862000054 ], [ -84.498761884999965, 33.722471583000072 ], [ -84.498727825999936, 33.722457688000077 ], [ -84.498682078999934, 33.722441045000039 ], [ -84.498657108999964, 33.722431548000031 ], [ -84.498617025999977, 33.722416296000063 ], [ -84.498598052999967, 33.722408898000026 ], [ -84.498533295999948, 33.722383925000031 ], [ -84.49849868299998, 33.72237096300006 ], [ -84.498455135999961, 33.722354318000043 ], [ -84.498409031999984, 33.722347240000033 ], [ -84.49827965999998, 33.722298478000027 ], [ -84.497827272999984, 33.722127924000063 ], [ -84.497825360999968, 33.722127216000047 ], [ -84.497824081999966, 33.722128015000067 ], [ -84.497819749999962, 33.72213044700004 ], [ -84.497815450999951, 33.722132573000067 ], [ -84.497810756999968, 33.722134593000078 ], [ -84.497806091999962, 33.72213627900004 ], [ -84.497801425999967, 33.72213772200007 ], [ -84.497796368999957, 33.722139001000073 ], [ -84.497791369999959, 33.722139839000079 ], [ -84.497786276999989, 33.722140620000062 ], [ -84.497780885999987, 33.722140964000062 ], [ -84.497775883999964, 33.722141089000047 ], [ -84.49777082199995, 33.72214096600004 ], [ -84.497765393999941, 33.72214062200004 ], [ -84.497760358999983, 33.722139894000065 ], [ -84.497755323999968, 33.722139 ], [ -84.497750286999974, 33.722137831000055 ], [ -84.497745608999935, 33.722136359000046 ], [ -84.497740930999953, 33.72213466900007 ], [ -84.497736256999985, 33.722132703000057 ], [ -84.49773193599998, 33.722130460000074 ], [ -84.497727619999978, 33.722128109000039 ], [ -84.497723302999987, 33.722125400000039 ], [ -84.49771967099997, 33.722122524000042 ], [ -84.497715712999934, 33.72211956600006 ], [ -84.497712478999972, 33.722116306000032 ], [ -84.497709243999964, 33.722112852000066 ], [ -84.497706368999957, 33.722109257000056 ], [ -84.497703853999951, 33.722105611000075 ], [ -84.497701337999956, 33.722101743000053 ], [ -84.497699516999944, 33.722097761000043 ], [ -84.497697724999966, 33.722093672000028 ], [ -84.497696357999985, 33.722089578000066 ], [ -84.497694831999979, 33.722085353000068 ], [ -84.497694124999953, 33.722081121000031 ], [ -84.497693845999947, 33.722077630000058 ], [ -84.497606862999987, 33.722044831000062 ], [ -84.497518754999987, 33.72201172900003 ], [ -84.497429169999975, 33.721978083000067 ], [ -84.497051069999941, 33.721837726000047 ], [ -84.496624448999967, 33.721678452000049 ], [ -84.496528015999957, 33.721643146000076 ], [ -84.49641472199994, 33.721601701000054 ], [ -84.496380602999977, 33.723074738000037 ], [ -84.496373817999938, 33.723367674000031 ], [ -84.496336328999973, 33.724985783000079 ], [ -84.496354538999981, 33.725018301000034 ], [ -84.496355914999981, 33.724973034000072 ], [ -84.496356472999935, 33.724956349000024 ], [ -84.496422570999982, 33.724883701000067 ], [ -84.496427055999959, 33.724878771000078 ], [ -84.496474757999977, 33.724847862000047 ], [ -84.496482154999967, 33.724847018000048 ], [ -84.496619721999934, 33.724904088000073 ], [ -84.496635258999959, 33.72490715400005 ], [ -84.496640329999934, 33.724908155000037 ], [ -84.49666005399996, 33.724905604000071 ], [ -84.496719613999971, 33.72487936300007 ], [ -84.496754145999944, 33.724869653000042 ], [ -84.496759906999955, 33.724871835000044 ], [ -84.496774090999963, 33.724924699000042 ], [ -84.496796339999946, 33.724946488000057 ], [ -84.49680492899995, 33.724947566000026 ], [ -84.496875329999966, 33.724874276000037 ], [ -84.496882556999935, 33.724872743000049 ], [ -84.496887202999972, 33.724874875000069 ], [ -84.496891818999984, 33.724877006000042 ], [ -84.496931899999936, 33.72492636700008 ], [ -84.496991376999972, 33.724946626000076 ], [ -84.497012488999985, 33.724927772000058 ], [ -84.497045234999973, 33.72488192600008 ], [ -84.497060181999984, 33.724877904000039 ], [ -84.497087304, 33.724891435000075 ], [ -84.497155748999944, 33.724925604000077 ], [ -84.497207815999957, 33.724943302000042 ], [ -84.497267890999979, 33.72495732200008 ], [ -84.497314322999955, 33.724946644000056 ], [ -84.497329905999948, 33.724935608000067 ], [ -84.49736790299994, 33.724886698000034 ], [ -84.497404768999957, 33.724860352000064 ], [ -84.497414371, 33.724859365000043 ], [ -84.497449124999946, 33.724874278000073 ], [ -84.49746965099996, 33.724882661000038 ], [ -84.497495214999958, 33.724893859000076 ], [ -84.497520729999962, 33.724899975000028 ], [ -84.497564256999965, 33.724886802000071 ], [ -84.497607885999969, 33.724900430000048 ], [ -84.497662251999941, 33.724925702000064 ], [ -84.497695170999975, 33.724932816000035 ], [ -84.497848829999953, 33.724905967000041 ], [ -84.497910550999961, 33.724919542000066 ], [ -84.497945134999952, 33.724932504000037 ], [ -84.497996328999989, 33.72497216000005 ], [ -84.498035848999962, 33.725002313000061 ], [ -84.498162699999966, 33.725060374000066 ], [ -84.498196427999972, 33.725064760000066 ], [ -84.498253054999964, 33.725036770000031 ], [ -84.498380896999947, 33.724993113000039 ], [ -84.498384118999979, 33.724993133000055 ], [ -84.498761888999979, 33.724992476000068 ], [ -84.499040466999986, 33.724991974000034 ], [ -84.499117591999948, 33.724991849000048 ], [ -84.499599294999939, 33.724990988000059 ], [ -84.499984676999986, 33.724990287000026 ], [ -84.500261632, 33.724989778000065 ], [ -84.500320744999954, 33.724989647000029 ], [ -84.500334780999935, 33.724989618000052 ], [ -84.500347646999955, 33.724989591000053 ], [ -84.500503766999941, 33.724989392000055 ], [ -84.500503810999987, 33.724989318000041 ], [ -84.500575483999967, 33.724989190000031 ], [ -84.500578434999966, 33.724985397000069 ], [ -84.500580492999973, 33.724983252000072 ], [ -84.500582541999961, 33.724981103000061 ], [ -84.500584590999949, 33.724978954000051 ], [ -84.500586629999987, 33.724976801000025 ], [ -84.500588668999967, 33.724974643000053 ], [ -84.500590698999986, 33.724972482000055 ], [ -84.500592727999958, 33.724970316000054 ], [ -84.50059474699998, 33.724968147000027 ], [ -84.500596765999944, 33.724965977000068 ], [ -84.500598775999947, 33.724963799000079 ], [ -84.500600779999957, 33.724961621000034 ], [ -84.500602778999962, 33.724959443000046 ], [ -84.500604773999953, 33.724957257000028 ], [ -84.50060676399994, 33.724955067000053 ], [ -84.500608748, 33.724952877000078 ], [ -84.50061072799997, 33.724950682000042 ], [ -84.500612702999945, 33.724948484000038 ], [ -84.500614672999973, 33.72494628100003 ], [ -84.500616636999951, 33.724944079000068 ], [ -84.500618591999967, 33.72494186800003 ], [ -84.500620546999983, 33.72493965700005 ], [ -84.500622496999938, 33.724937446000069 ], [ -84.500624436999942, 33.72493522700006 ], [ -84.500626377999936, 33.724933004000036 ], [ -84.500628307999989, 33.724930781000069 ], [ -84.500630232999981, 33.72492855400003 ], [ -84.500632153999959, 33.724926323000034 ], [ -84.500634068999943, 33.724924092000037 ], [ -84.500635983999985, 33.72492185200008 ], [ -84.500637884999946, 33.724919613000054 ], [ -84.500639784999976, 33.724917369000025 ], [ -84.500641681, 33.724915125000052 ], [ -84.500643571999944, 33.72491287400004 ], [ -84.500645452999947, 33.724910622000039 ], [ -84.500647332999961, 33.724908366000079 ], [ -84.500649203999956, 33.724906106000049 ], [ -84.500651074999951, 33.72490384200006 ], [ -84.500652935999938, 33.724901578000072 ], [ -84.500654791999978, 33.724899309000079 ], [ -84.500656642999957, 33.724897037000062 ], [ -84.500658489999978, 33.724894765000045 ], [ -84.500660330999949, 33.72489248800008 ], [ -84.500662166999973, 33.724890208000033 ], [ -84.500663993999979, 33.72488792300004 ], [ -84.500665819999938, 33.724885635000078 ], [ -84.500667635999946, 33.72488334600007 ], [ -84.500669452999944, 33.724881053000047 ], [ -84.50067126, 33.724878756000066 ], [ -84.500673060999986, 33.724876459000029 ], [ -84.500674857999968, 33.724874158000034 ], [ -84.500676649999946, 33.724871853000025 ], [ -84.500678436999976, 33.724869544000057 ], [ -84.500680218999946, 33.724867230000029 ], [ -84.500681990999965, 33.724864921000062 ], [ -84.500683762999984, 33.724862604000066 ], [ -84.500685524999938, 33.724860282000066 ], [ -84.500687281999944, 33.724857961000055 ], [ -84.500689033999947, 33.72485563500004 ], [ -84.500690781999936, 33.724853305000067 ], [ -84.500692523999987, 33.724850976000027 ], [ -84.500694260999978, 33.72484864200004 ], [ -84.500695988999951, 33.724846304000039 ], [ -84.500697716, 33.72484396200008 ], [ -84.500699433999955, 33.724841620000063 ], [ -84.500701146999972, 33.724839274000033 ], [ -84.50070285399994, 33.724836927000069 ], [ -84.500704556999949, 33.724834573000066 ], [ -84.500706254999955, 33.724832219000064 ], [ -84.500707947999956, 33.724829864000071 ], [ -84.50070963099995, 33.724827502000039 ], [ -84.500711313999943, 33.724825139000075 ], [ -84.500712986999986, 33.724822777000043 ], [ -84.500714655999957, 33.724820406000049 ], [ -84.500716318999935, 33.724818035000055 ], [ -84.500717976999965, 33.724815660000047 ], [ -84.500719625999977, 33.724813286000028 ], [ -84.500721273999943, 33.724810907000062 ], [ -84.500722912999947, 33.724808524000025 ], [ -84.500724545999958, 33.724806141000045 ], [ -84.500726174999954, 33.72480375300006 ], [ -84.500727798999947, 33.724801362000051 ], [ -84.500729416999945, 33.724798967000027 ], [ -84.500731025999983, 33.724796572000059 ], [ -84.500732634999963, 33.724794176000046 ], [ -84.500734233999935, 33.724791773000049 ], [ -84.500735827999961, 33.724789369000064 ], [ -84.500737416999982, 33.724786966000067 ], [ -84.500739001999989, 33.724784554000053 ], [ -84.500740580999945, 33.724782142000038 ], [ -84.500742149999951, 33.72477973000008 ], [ -84.500743714999942, 33.724777310000036 ], [ -84.500745273999939, 33.724774895000053 ], [ -84.500746828999979, 33.724772471000051 ], [ -84.500748377999969, 33.72477004700005 ], [ -84.500749922999944, 33.724767618000044 ], [ -84.500751457999968, 33.724765190000028 ], [ -84.500752986999942, 33.724762758000054 ], [ -84.500754511999958, 33.724760322000066 ], [ -84.50075603199997, 33.724757885000031 ], [ -84.500757546999978, 33.724755445000028 ], [ -84.500759056999982, 33.724753 ], [ -84.500760556999978, 33.72475055600006 ], [ -84.50076205299996, 33.724748111000054 ], [ -84.500763542999948, 33.724745659000064 ], [ -84.500765027999989, 33.724743206000028 ], [ -84.500766508999959, 33.724740753000049 ], [ -84.500767978999988, 33.724738297000044 ], [ -84.500769444999946, 33.724735836000036 ], [ -84.500770904999968, 33.724733375000028 ], [ -84.500772360999974, 33.724730910000062 ], [ -84.500773811999977, 33.724728441000025 ], [ -84.500775252999972, 33.724725972000044 ], [ -84.500776693999967, 33.72472349800006 ], [ -84.500778124999954, 33.724721025000065 ], [ -84.500779550999937, 33.724718548000055 ], [ -84.500780966999969, 33.724716071000046 ], [ -84.500782382999944, 33.724713589000032 ], [ -84.500783788999968, 33.72471110400005 ], [ -84.500785190999977, 33.724708618000079 ], [ -84.500786586999936, 33.724706129000026 ], [ -84.500787977999948, 33.72470363900004 ], [ -84.500789359999942, 33.724701146000029 ], [ -84.500790741999936, 33.724698652000029 ], [ -84.500792112999989, 33.724696154000071 ], [ -84.50079347999997, 33.724693652000042 ], [ -84.500794836999944, 33.724691150000069 ], [ -84.500796193999975, 33.724688649000029 ], [ -84.50079754099994, 33.724686139000028 ], [ -84.500798882999959, 33.724683633000041 ], [ -84.500800219999974, 33.724681118000035 ], [ -84.50080154699998, 33.724678608000033 ], [ -84.500802873999987, 33.72467609000006 ], [ -84.500804191999976, 33.724673572000029 ], [ -84.50080550399997, 33.724671054000055 ], [ -84.500806811999951, 33.724668532000067 ], [ -84.500808109, 33.724666005000074 ], [ -84.500809401999959, 33.724663479000071 ], [ -84.500810694999984, 33.724660952000079 ], [ -84.500811971999951, 33.724658422000061 ], [ -84.500813249999965, 33.72465588700004 ], [ -84.500814522999974, 33.724653353000065 ], [ -84.500815785999976, 33.724650814000029 ], [ -84.500817043999973, 33.72464827500005 ], [ -84.500818296999967, 33.724645733000045 ], [ -84.500819539999952, 33.724643190000052 ], [ -84.50082077899998, 33.724640647000058 ], [ -84.500822011999958, 33.724638096000035 ], [ -84.500823240999978, 33.724635549000027 ], [ -84.500824463999948, 33.724632994000046 ], [ -84.500825677999956, 33.724630443000024 ], [ -84.50082688599997, 33.724627888000043 ], [ -84.50082808999997, 33.724625329000048 ], [ -84.500829288999967, 33.724622770000053 ], [ -84.500830477999955, 33.724620207000044 ], [ -84.500831661999939, 33.724617644000034 ], [ -84.500832840999976, 33.724615076000077 ], [ -84.500834014999953, 33.724612509000053 ], [ -84.500835178999978, 33.724609942000029 ], [ -84.500836337999942, 33.724607370000058 ], [ -84.500837492999949, 33.724604795000062 ], [ -84.500838641999962, 33.724602219000076 ], [ -84.500839781999957, 33.724599644000079 ], [ -84.500840920999963, 33.724597064000079 ], [ -84.50084205099995, 33.724594485000068 ], [ -84.500843169999939, 33.724591901000053 ], [ -84.500844289999975, 33.724589313000024 ], [ -84.500845399999946, 33.724586730000055 ], [ -84.50084650499997, 33.724584138000068 ], [ -84.500847605, 33.724581550000039 ], [ -84.500848694999945, 33.724578958000052 ], [ -84.500849784999957, 33.72457636300004 ], [ -84.500850859999957, 33.724573767000038 ], [ -84.500851935999947, 33.724571171000036 ], [ -84.500853005999943, 33.724568571000077 ], [ -84.500854066999977, 33.724565971000061 ], [ -84.500855121999962, 33.72456336700003 ], [ -84.500856167999984, 33.724560763000056 ], [ -84.500857212999961, 33.724558154000079 ], [ -84.500858248999975, 33.724555546000033 ], [ -84.500859279999986, 33.724552938000045 ], [ -84.500860305999936, 33.724550326000042 ], [ -84.500861321999935, 33.724547714000039 ], [ -84.500862332999986, 33.724545097000032 ], [ -84.500863338999977, 33.724542481000071 ], [ -84.500864340999954, 33.724539861000039 ], [ -84.500865331999989, 33.724537240000075 ], [ -84.500866317999964, 33.724534620000043 ], [ -84.500867299999982, 33.724531995000063 ], [ -84.500868270999945, 33.724529371000074 ], [ -84.50086923799995, 33.724526747000027 ], [ -84.500870199999952, 33.724524118000033 ], [ -84.50087115599996, 33.724521485000025 ], [ -84.500872102999949, 33.724518857000078 ], [ -84.500873049999939, 33.72451622400007 ], [ -84.500873981999973, 33.724513587000047 ], [ -84.500874913999951, 33.724510955000028 ], [ -84.500875836999967, 33.724508314000047 ], [ -84.500876753999989, 33.724505677000025 ], [ -84.500877665999951, 33.724503037000034 ], [ -84.500878573999955, 33.724500392000039 ], [ -84.500879470999962, 33.724497751000058 ], [ -84.500880363999954, 33.724495106000063 ], [ -84.500881250999953, 33.724492457000053 ], [ -84.500882129, 33.724489808000044 ], [ -84.500883001999966, 33.724487159000034 ], [ -84.500883869999939, 33.724484510000025 ], [ -84.50088472799996, 33.724481857000058 ], [ -84.500885585999981, 33.724479204000033 ], [ -84.500886433999938, 33.724476547000052 ], [ -84.500887271999943, 33.72447389000007 ], [ -84.500888109999948, 33.724471233000031 ], [ -84.500888938999935, 33.724468572000035 ], [ -84.500889761999986, 33.724465911000038 ], [ -84.500890575999961, 33.724463249000053 ], [ -84.500891388999946, 33.724460584000042 ], [ -84.500892187999966, 33.724457923000045 ], [ -84.500892986999986, 33.724455254000077 ], [ -84.500893780999945, 33.724452589000066 ], [ -84.500894564999953, 33.724449919000051 ], [ -84.500895338999953, 33.724447250000026 ], [ -84.500896112999953, 33.724444577000043 ], [ -84.500896876999946, 33.72444190300007 ], [ -84.500897636, 33.72443923000003 ], [ -84.500898390999964, 33.724436552000043 ], [ -84.500899134999941, 33.72443387900006 ], [ -84.500899874999959, 33.724431202000062 ], [ -84.500900608999984, 33.72442852000006 ], [ -84.500901333999934, 33.724425843000063 ], [ -84.500902057999951, 33.724423161000061 ], [ -84.500902767999946, 33.724420476000034 ], [ -84.500903477999941, 33.724417794000033 ], [ -84.500904177999985, 33.724415109000063 ], [ -84.500904872999968, 33.724412423000047 ], [ -84.500905562999947, 33.724409733000073 ], [ -84.500906243999964, 33.724407048000046 ], [ -84.500906918999988, 33.724404358000072 ], [ -84.500907588999951, 33.724401665000073 ], [ -84.500908254999956, 33.724398975000042 ], [ -84.500908909999964, 33.724396281000054 ], [ -84.500909560999958, 33.724393588000055 ], [ -84.500910201999943, 33.724390890000052 ], [ -84.500910842999986, 33.724388196000064 ], [ -84.500911468999959, 33.724385498000061 ], [ -84.500912095, 33.724382801000047 ], [ -84.500912710999955, 33.72438009900003 ], [ -84.500913326999978, 33.724377401000027 ], [ -84.500913927999989, 33.724374699000066 ], [ -84.500914528999942, 33.724371998000038 ], [ -84.500915120999935, 33.724369292000063 ], [ -84.500915707, 33.724366590000045 ], [ -84.50091628399997, 33.72436388400007 ], [ -84.500916854999957, 33.724361178000038 ], [ -84.500917421999986, 33.724358468000048 ], [ -84.500917983999955, 33.724355763000062 ], [ -84.500918535999972, 33.724353053000073 ], [ -84.500919082999985, 33.724350343000026 ], [ -84.500919624999938, 33.724347633000036 ], [ -84.500920156999939, 33.724344919000032 ], [ -84.500920683999937, 33.724342209000042 ], [ -84.500921206999976, 33.724339495000038 ], [ -84.500921718999962, 33.724336781000034 ], [ -84.500922225999943, 33.724334063000072 ], [ -84.500922728999967, 33.724331349000067 ], [ -84.500923221999983, 33.724328631000049 ], [ -84.500923713999953, 33.72432591300003 ], [ -84.500924191999957, 33.724323196000057 ], [ -84.500924669999961, 33.724320473000034 ], [ -84.500925137999957, 33.724317756000062 ], [ -84.500925600999949, 33.724315034000028 ], [ -84.500926058999937, 33.724312311000062 ], [ -84.500926507999964, 33.724309590000075 ], [ -84.50092695099994, 33.724306868000042 ], [ -84.500927388999969, 33.724304141000061 ], [ -84.50092781799998, 33.724301420000074 ], [ -84.50092824099994, 33.724298693000037 ], [ -84.500928654999939, 33.724295967000046 ], [ -84.500929068999937, 33.724293241000055 ], [ -84.500929472999985, 33.724290511000049 ], [ -84.500929866999968, 33.724287785000058 ], [ -84.500930260999951, 33.724285055000053 ], [ -84.500930644999983, 33.724282325000047 ], [ -84.500931023999954, 33.724279595000041 ], [ -84.500931392999973, 33.724276865000036 ], [ -84.500931756999989, 33.72427413500003 ], [ -84.500932117, 33.724271401000067 ], [ -84.500932465999938, 33.724268671000061 ], [ -84.500932810999984, 33.724265937000041 ], [ -84.50093315099997, 33.724263203000078 ], [ -84.500933484999962, 33.724260469000058 ], [ -84.500933809999935, 33.724257735000037 ], [ -84.500934129999962, 33.724255001000074 ], [ -84.50093443999998, 33.724252263000039 ], [ -84.500934744999938, 33.724249529000076 ], [ -84.500935045999938, 33.724246791000041 ], [ -84.500935340999945, 33.724244053000064 ], [ -84.500935625999944, 33.724241315000029 ], [ -84.500935906999985, 33.724238577000051 ], [ -84.500936181999975, 33.724235839000073 ], [ -84.500936447999948, 33.724233101000038 ], [ -84.500936708999973, 33.724230359000046 ], [ -84.500936963999948, 33.724227621000068 ], [ -84.500937209999961, 33.724224879000076 ], [ -84.50093745099997, 33.724222137000027 ], [ -84.500937682999961, 33.724219399000049 ], [ -84.500937913999962, 33.724216657000056 ], [ -84.500938134999956, 33.724213915000064 ], [ -84.500938345999941, 33.724211173000072 ], [ -84.500938557999973, 33.724208427000065 ], [ -84.500938758999951, 33.724205685000072 ], [ -84.500938950999966, 33.72420294300008 ], [ -84.500939141999936, 33.724200197000073 ], [ -84.500939323999944, 33.724197455000024 ], [ -84.500939495999944, 33.724194709000074 ], [ -84.500939667999944, 33.724191963000067 ], [ -84.500939829999936, 33.724189221000074 ], [ -84.500939981999977, 33.724186475000067 ], [ -84.500940133999961, 33.72418372900006 ], [ -84.500940276999984, 33.724180983000053 ], [ -84.500940413999956, 33.724178238000036 ], [ -84.500940540999977, 33.724175492000029 ], [ -84.500940663999984, 33.724172746000079 ], [ -84.500940781999986, 33.72417 ], [ -84.500940888999935, 33.724167254000065 ], [ -84.500940991999983, 33.724164504000044 ], [ -84.500941089999969, 33.724161759000026 ], [ -84.500941177999948, 33.724159013000076 ], [ -84.50094126099998, 33.724156263000054 ], [ -84.500941338999951, 33.724153517000047 ], [ -84.500941412999964, 33.724150767000026 ], [ -84.50094147599998, 33.724148022000065 ], [ -84.500941528999988, 33.724145272000044 ], [ -84.500941582999985, 33.724142526000037 ], [ -84.500941625999985, 33.724139777000062 ], [ -84.500941664999971, 33.72413702700004 ], [ -84.500941693999948, 33.724134281000033 ], [ -84.500941717999979, 33.724131532000058 ], [ -84.500941736999948, 33.724128786000051 ], [ -84.500941745999967, 33.72412603600003 ], [ -84.500941754999985, 33.724123287000054 ], [ -84.500941748999935, 33.724120541000048 ], [ -84.500941743999988, 33.724117792000072 ], [ -84.500941727999987, 33.724115042000051 ], [ -84.500941706999981, 33.724112297000033 ], [ -84.500941676999958, 33.724109547000069 ], [ -84.500941641999987, 33.724106798000037 ], [ -84.500941600999965, 33.72410405200003 ], [ -84.500941555999987, 33.724101303000054 ], [ -84.500941500999943, 33.724098557000048 ], [ -84.500941440999952, 33.724095808000072 ], [ -84.500941370999954, 33.724093058000051 ], [ -84.50094129699994, 33.724090313000033 ], [ -84.500941217, 33.724087564000058 ], [ -84.50094113199998, 33.724084818000051 ], [ -84.500941037999951, 33.724082069000076 ], [ -84.500940937999985, 33.724079324000058 ], [ -84.500940828999944, 33.724076579000041 ], [ -84.500940714999956, 33.724073829000076 ], [ -84.500940595999964, 33.724071084000059 ], [ -84.500940470999979, 33.724068339000041 ], [ -84.500940336999975, 33.724065590000066 ], [ -84.500940198999956, 33.724062845000049 ], [ -84.50094004999994, 33.724060099000042 ], [ -84.500939900999981, 33.724057354000024 ], [ -84.500939736999953, 33.724054609000063 ], [ -84.500939573999972, 33.724051864000046 ], [ -84.500939399999936, 33.724049119000028 ], [ -84.500939221999943, 33.724046378000025 ], [ -84.500939038999945, 33.724043633000065 ], [ -84.50093884599994, 33.724040888000047 ], [ -84.500938646999941, 33.724038147000044 ], [ -84.500938438999981, 33.724035403000073 ], [ -84.500938230999964, 33.72403266200007 ], [ -84.500938013999985, 33.724029917000053 ], [ -84.500937785999952, 33.72402717600005 ], [ -84.500937557999976, 33.724024435000047 ], [ -84.500937315999977, 33.724021695000033 ], [ -84.500937072999989, 33.72401895400003 ], [ -84.500936820999982, 33.724016213000027 ], [ -84.500936563999971, 33.724013472000024 ], [ -84.500936300999967, 33.724010736000025 ], [ -84.500936028999945, 33.724007995000079 ], [ -84.500935751999975, 33.72400525900008 ], [ -84.500935469999945, 33.724002518000077 ], [ -84.500935177999963, 33.723999782000078 ], [ -84.500934881999967, 33.723997045000033 ], [ -84.500934579999978, 33.723994309000034 ], [ -84.50093426899997, 33.723991572000045 ], [ -84.500933951999968, 33.723988836000046 ], [ -84.500933630999953, 33.723986100000047 ], [ -84.500933303999943, 33.723983367000073 ], [ -84.500932967999972, 33.723980635000032 ], [ -84.500932626999941, 33.723977899000033 ], [ -84.500932275999958, 33.723975167000049 ], [ -84.500931919999971, 33.723972434000075 ], [ -84.50093155899998, 33.723969702000034 ], [ -84.500931187999981, 33.723966974000064 ], [ -84.500930812999968, 33.723964242000079 ], [ -84.500930431999961, 33.723961514000052 ], [ -84.50093004699994, 33.723958782000068 ], [ -84.500929650999979, 33.723956054000041 ], [ -84.500929250999945, 33.723953326000071 ], [ -84.500928840999961, 33.723950598000044 ], [ -84.500928430999977, 33.723947874000032 ], [ -84.500928005999981, 33.723945147000052 ], [ -84.500927580999985, 33.72394242300004 ], [ -84.500927145999981, 33.723939699000027 ], [ -84.500926705999973, 33.723936975000072 ], [ -84.500926260999961, 33.723934252000049 ], [ -84.500925806999987, 33.723931532000051 ], [ -84.500925346999963, 33.723928808000039 ], [ -84.500924882999982, 33.723926089000031 ], [ -84.500924408999936, 33.723923369000033 ], [ -84.500923928999953, 33.723920650000025 ], [ -84.500923444999955, 33.723917931000074 ], [ -84.50092295099995, 33.723915215000034 ], [ -84.500922451999941, 33.72391250000004 ], [ -84.500921947999984, 33.723909781000032 ], [ -84.500921439999956, 33.723907069000063 ], [ -84.500920920999988, 33.723904354000069 ], [ -84.500920391999955, 33.723901639000076 ], [ -84.500919863999968, 33.72389892800004 ], [ -84.500918654999964, 33.72389511800003 ], [ -84.500918432999981, 33.72389370500008 ], [ -84.501088873999947, 33.723895201000062 ], [ -84.501197946, 33.723896159000049 ], [ -84.501200047999987, 33.723896178000075 ], [ -84.500991925999983, 33.724036268000077 ], [ -84.501080544999979, 33.724127648000035 ], [ -84.501208234999979, 33.724259313000061 ], [ -84.501576929999942, 33.723987069000032 ], [ -84.501696066999955, 33.72389910000004 ], [ -84.501901698999973, 33.723900904000061 ], [ -84.501904342999978, 33.723919728000055 ], [ -84.502000505999945, 33.724554309000041 ], [ -84.502068233999978, 33.725001041000041 ], [ -84.502094482999951, 33.725174171000049 ], [ -84.50208400799994, 33.725607713000045 ], [ -84.502083399999947, 33.725632766000047 ], [ -84.502064306999955, 33.726422827000079 ], [ -84.502056897999978, 33.726736609000056 ], [ -84.502047651999987, 33.727128264000044 ], [ -84.502076082999963, 33.72712801800003 ], [ -84.502105012999948, 33.727127766000024 ], [ -84.502105209999968, 33.727127762000066 ], [ -84.502105200999949, 33.727127898000049 ], [ -84.502104756999984, 33.727134367000076 ], [ -84.502093616999957, 33.727296716000069 ], [ -84.502077154999938, 33.727536650000047 ], [ -84.502026612999941, 33.728273311000066 ], [ -84.501964562999945, 33.728742763000071 ], [ -84.501930907999963, 33.728997374000073 ], [ -84.501853279999978, 33.729584697000064 ], [ -84.501929786999938, 33.730016993000049 ], [ -84.501815694999948, 33.731548258000032 ], [ -84.501863446999948, 33.731548536000048 ], [ -84.501899034999951, 33.731548745000055 ], [ -84.501979034999977, 33.731549187000041 ], [ -84.501979034999977, 33.731549216000076 ], [ -84.505789184999969, 33.731570912000052 ], [ -84.505702973999973, 33.736057942000059 ], [ -84.505701602999977, 33.736129299000027 ], [ -84.505660173999956, 33.738285562000044 ], [ -84.505661649999979, 33.739287982000064 ], [ -84.50686875699995, 33.73924824900007 ], [ -84.506956755999965, 33.739249738000069 ], [ -84.507099039999957, 33.739251737000075 ], [ -84.507197747999953, 33.739257318000057 ], [ -84.507285770999943, 33.739264632000072 ], [ -84.507383675999961, 33.739275356000064 ], [ -84.50749228899997, 33.739290169000071 ], [ -84.507589394999968, 33.739306036000073 ], [ -84.507696389999978, 33.739327036000077 ], [ -84.507791869999949, 33.739348432000043 ], [ -84.507897237999941, 33.739374936000047 ], [ -84.508000975999948, 33.739404520000051 ], [ -84.508108017999973, 33.73943720300008 ], [ -84.508198603999972, 33.739468888000033 ], [ -84.508310627999947, 33.739513595000062 ], [ -84.508464863999961, 33.739576788000079 ], [ -84.508632337999984, 33.739304030000028 ], [ -84.508938943999965, 33.738439792000065 ], [ -84.509122081999976, 33.737714048000043 ], [ -84.509149946999969, 33.736928305000049 ], [ -84.509022811999955, 33.736134359000062 ], [ -84.508662123999954, 33.73378695100007 ], [ -84.508638313999938, 33.732992719000038 ], [ -84.508750106999969, 33.73251754100005 ], [ -84.508996025999977, 33.731998813000075 ], [ -84.509242594999989, 33.731635525000058 ], [ -84.509315569999956, 33.73157414700006 ], [ -84.509922342999971, 33.731063819000042 ], [ -84.510405762999937, 33.730841733000034 ], [ -84.510574654999971, 33.73076414600007 ], [ -84.511056919999987, 33.730542613000068 ], [ -84.51189005699996, 33.730176475000064 ], [ -84.512480380999989, 33.729917010000065 ], [ -84.513428405999946, 33.729258177000077 ], [ -84.514065649999964, 33.728410286000042 ], [ -84.51439247199994, 33.727459624000062 ], [ -84.514438378999955, 33.72713047600007 ], [ -84.514512954999987, 33.726595924000037 ], [ -84.51477270099997, 33.726859325000078 ], [ -84.514889285999971, 33.726977584000053 ], [ -84.51526000299998, 33.727353571000037 ], [ -84.516277504999948, 33.72855942800004 ], [ -84.516962198999977, 33.729230948000065 ], [ -84.517102468999951, 33.729454119000025 ], [ -84.517245451999941, 33.729681597000024 ], [ -84.51748222599997, 33.730058316000054 ], [ -84.517573219999974, 33.730311719000042 ], [ -84.517603326999961, 33.73039553600006 ], [ -84.517649472999949, 33.730524052000078 ], [ -84.517668244999982, 33.731014396000035 ], [ -84.517671779999944, 33.731107168000051 ], [ -84.517672586999936, 33.731128355000067 ], [ -84.517584276999969, 33.731379658000037 ], [ -84.517753389999939, 33.731383242000049 ], [ -84.51779789699998, 33.73138418800005 ], [ -84.517837765999957, 33.731385039000031 ], [ -84.517838096999981, 33.731385038000042 ], [ -84.517841382999961, 33.731385111000066 ], [ -84.517911025999979, 33.731386752000049 ], [ -84.518469419999974, 33.731398630000058 ], [ -84.52110591099995, 33.731454711000026 ], [ -84.521224934999964, 33.730163684000047 ], [ -84.521234224999944, 33.73006304300003 ], [ -84.521234851999964, 33.730063041000051 ], [ -84.521268728999985, 33.729695092000043 ], [ -84.521290652999937, 33.729012364000027 ], [ -84.521330274999968, 33.72902530600004 ], [ -84.521330372999955, 33.729025165000053 ], [ -84.521454607999942, 33.72906567800004 ], [ -84.52149047499995, 33.729077365000023 ], [ -84.521433520999949, 33.72969635000004 ], [ -84.521400996999944, 33.730049760000043 ], [ -84.521399834999954, 33.730062460000056 ], [ -84.521949181999958, 33.730060027000036 ], [ -84.523721038999952, 33.730052114000046 ], [ -84.523724062999975, 33.73005207600005 ], [ -84.523613295999951, 33.730841200000043 ], [ -84.523547761999964, 33.731307848000029 ], [ -84.523581591999971, 33.731327537000027 ], [ -84.523606220999966, 33.731341870000051 ], [ -84.52385252199997, 33.73148524700008 ], [ -84.523860034999984, 33.731448012000044 ], [ -84.523904029999983, 33.73123017000006 ], [ -84.523948957999949, 33.731007762000047 ], [ -84.523962625999957, 33.730940145000034 ], [ -84.52398283499997, 33.730840131000036 ], [ -84.524083747999953, 33.73034050900003 ], [ -84.524283241999967, 33.73050020900007 ], [ -84.524376340999936, 33.730574748000038 ], [ -84.524396534999937, 33.730590136000046 ], [ -84.524416531999975, 33.730605685000057 ], [ -84.524481443999946, 33.730657468000061 ], [ -84.524478494999983, 33.73067564400003 ], [ -84.524466979999943, 33.730746965000037 ], [ -84.524465314999986, 33.730757222000079 ], [ -84.524452135, 33.730838772000027 ], [ -84.524256830999946, 33.732046368000056 ], [ -84.524222704999943, 33.732257314000037 ], [ -84.524220044999936, 33.732273811000027 ], [ -84.524216450999972, 33.732295971000042 ], [ -84.524598558999969, 33.73255531500007 ], [ -84.525367328999948, 33.733077091000041 ], [ -84.525799778999954, 33.733370584000056 ], [ -84.525405730999978, 33.737711510000054 ], [ -84.525405474999957, 33.737714231000041 ], [ -84.526990603999934, 33.738224170000024 ], [ -84.526990442999988, 33.738224640000055 ], [ -84.526990380999962, 33.738225189000048 ], [ -84.526990447999935, 33.73822573700005 ], [ -84.526990646999934, 33.738226260000033 ], [ -84.526990979999937, 33.738226724000071 ], [ -84.526991405999979, 33.738227135000045 ], [ -84.526991900999974, 33.738227464000033 ], [ -84.526992493999956, 33.738227709000057 ], [ -84.526993679999975, 33.738228093000032 ], [ -84.526994668999976, 33.738441217000059 ], [ -84.533723192999958, 33.738541302000044 ], [ -84.53556114099996, 33.738525848000052 ], [ -84.53538120199994, 33.743090922000079 ], [ -84.535327453999969, 33.744454502000053 ], [ -84.537511141999971, 33.744483720000062 ], [ -84.537446021999983, 33.74636027300005 ], [ -84.53752908599995, 33.746359669000071 ], [ -84.53766645099995, 33.746363733000067 ], [ -84.537788341999942, 33.746371393000061 ], [ -84.537807029999954, 33.746372574000077 ], [ -84.537822760999973, 33.74637356900007 ], [ -84.53783520099995, 33.746374686000024 ], [ -84.537836913999968, 33.746374821000074 ], [ -84.537855870999977, 33.746376549000047 ], [ -84.537907507999989, 33.746381205000034 ], [ -84.537928539999939, 33.746383532000038 ], [ -84.537966683999969, 33.746387730000038 ], [ -84.537992257999974, 33.746390567000049 ], [ -84.538003883999977, 33.746392812000067 ], [ -84.538094920999981, 33.746410264000076 ], [ -84.53810502999994, 33.746412213000042 ], [ -84.538108123999962, 33.746413193000024 ], [ -84.538207579999948, 33.746444635000046 ], [ -84.538213741999982, 33.746446596000055 ], [ -84.53831592399996, 33.746493011000041 ], [ -84.538318496999977, 33.746494623000046 ], [ -84.53831869399994, 33.746494705000032 ], [ -84.538351682999973, 33.746515300000056 ], [ -84.538409114999979, 33.746551103000058 ], [ -84.538409807999983, 33.74655170300008 ], [ -84.538499907999949, 33.746626405000029 ], [ -84.53850155899994, 33.746628160000057 ], [ -84.538576743999954, 33.746706918000029 ], [ -84.538591953999969, 33.746724487000051 ], [ -84.538657746999945, 33.746800470000039 ], [ -84.538675166999951, 33.746818997000048 ], [ -84.53873789499994, 33.746885755000051 ], [ -84.538755241, 33.746902959000067 ], [ -84.538792410999974, 33.746939866000048 ], [ -84.538851863, 33.746994295000036 ], [ -84.538912953999954, 33.747047702000032 ], [ -84.539005412999984, 33.747126791000028 ], [ -84.539014290999944, 33.747133801000075 ], [ -84.539078859999961, 33.747184641000047 ], [ -84.539158408999981, 33.747222380000039 ], [ -84.539186000999962, 33.747235488000058 ], [ -84.539280470999984, 33.747277474000043 ], [ -84.539332682999941, 33.74730067400003 ], [ -84.539405198999987, 33.747333763000029 ], [ -84.539477723999937, 33.747367570000051 ], [ -84.539550247999955, 33.747401344000025 ], [ -84.539621952999937, 33.747436168000036 ], [ -84.539739844999986, 33.747501085000067 ], [ -84.539823197999965, 33.747567120000042 ], [ -84.539896730999942, 33.747643516000039 ], [ -84.540345903999935, 33.748237154000037 ], [ -84.539594575999956, 33.748902437000027 ], [ -84.539575507999984, 33.749246711000069 ], [ -84.538087521999955, 33.749218906000067 ], [ -84.538004783999952, 33.749296791000063 ], [ -84.537922875999982, 33.749375033000035 ], [ -84.537840140999947, 33.749453606000031 ], [ -84.537758232999977, 33.749531818000037 ], [ -84.537677145999965, 33.749610387000075 ], [ -84.537595234999969, 33.74968928800007 ], [ -84.537514148999946, 33.749768215000074 ], [ -84.53743306299998, 33.749847142000078 ], [ -84.537351977999947, 33.749926394000056 ], [ -84.53727089299997, 33.750005651000038 ], [ -84.536130801999946, 33.751127574000066 ], [ -84.536057038999957, 33.751188612000078 ], [ -84.535965915999952, 33.751229090000038 ], [ -84.535869754999965, 33.75124586700008 ], [ -84.535758789999988, 33.751262688000054 ], [ -84.535646149999934, 33.751272288000052 ], [ -84.535527712999965, 33.751273001000072 ], [ -84.535206050999989, 33.751258156000063 ], [ -84.535085134999974, 33.751256101000024 ], [ -84.53496421899996, 33.751254071000062 ], [ -84.534921924999935, 33.751942960000065 ], [ -84.534933003999981, 33.754534511000031 ], [ -84.535024447999945, 33.757836931000043 ], [ -84.533805352999934, 33.757823385000052 ], [ -84.524892480999938, 33.757723510000062 ], [ -84.524781102999953, 33.762589225000056 ], [ -84.517523750999942, 33.762513522000063 ], [ -84.517373205999945, 33.762511559000075 ], [ -84.515304233999984, 33.762483753000026 ], [ -84.51526793499994, 33.765099297000063 ], [ -84.515259018999984, 33.765741226000046 ], [ -84.515165166999964, 33.772633366000036 ], [ -84.515186986999936, 33.774161321000065 ], [ -84.514669216999948, 33.773889005000058 ], [ -84.514616783999941, 33.773944116000052 ], [ -84.514558630999943, 33.77400781800003 ], [ -84.51454414799997, 33.774023853000074 ], [ -84.514500479999981, 33.774072237000041 ], [ -84.514443974999949, 33.774137310000071 ], [ -84.514382569999952, 33.774211327000046 ], [ -84.514112402999956, 33.774540857000034 ], [ -84.51404281799995, 33.77462693800004 ], [ -84.513974882999946, 33.774713698000028 ], [ -84.513947089999988, 33.77475002400007 ], [ -84.513907772999971, 33.774801499000034 ], [ -84.513859499999967, 33.774867593000067 ], [ -84.513794862999987, 33.774956735000046 ], [ -84.513732694999987, 33.775046228000065 ], [ -84.513686896999957, 33.775114017000078 ], [ -84.513683889999982, 33.775118643000042 ], [ -84.513627203999988, 33.775205235000044 ], [ -84.513569160999964, 33.775296774000026 ], [ -84.513512765999963, 33.775389356000062 ], [ -84.513496814999939, 33.775416031000077 ], [ -84.513457196, 33.775482240000031 ], [ -84.513417162999986, 33.77555243200004 ], [ -84.513377955999943, 33.775622977000069 ], [ -84.513339574999975, 33.775693853000064 ], [ -84.513048056999935, 33.776239863000058 ], [ -84.512997417999941, 33.776332758000024 ], [ -84.512946782999961, 33.776425628000027 ], [ -84.512917052999967, 33.776480151000044 ], [ -84.512896147999982, 33.77651852300005 ], [ -84.512843864, 33.776611093000042 ], [ -84.512765436999985, 33.776749411000026 ], [ -84.512727266999946, 33.776816737000047 ], [ -84.512713149999968, 33.776841622000063 ], [ -84.512659218999943, 33.77693348300005 ], [ -84.51260528499995, 33.77702503900008 ], [ -84.512551351999946, 33.777116570000032 ], [ -84.512495772999955, 33.777207747000034 ], [ -84.512293309999961, 33.777535158000035 ], [ -84.512063378999983, 33.777907035000055 ], [ -84.512059258999955, 33.777913696000041 ], [ -84.511974245999966, 33.778051208000079 ], [ -84.511789661999956, 33.777980602000071 ], [ -84.511614059999943, 33.778301947000045 ], [ -84.511588177999954, 33.778347612000061 ], [ -84.511578927999949, 33.778363880000029 ], [ -84.511517653999988, 33.778471921000062 ], [ -84.511453906999975, 33.778578950000053 ], [ -84.511355554999966, 33.778738784000041 ], [ -84.511197231999972, 33.778996023000047 ], [ -84.511157174999937, 33.779061045000049 ], [ -84.51111629899998, 33.779126074000033 ], [ -84.511053335999975, 33.779223125000044 ], [ -84.511047574999964, 33.779231827000046 ], [ -84.511000173999946, 33.779303329000072 ], [ -84.510934737999946, 33.779399368000043 ], [ -84.510868474999938, 33.779494697000075 ], [ -84.510812840999961, 33.779572822000034 ], [ -84.510756380999965, 33.779650615000037 ], [ -84.510699092999971, 33.779727751000053 ], [ -84.510640986999988, 33.779804865000074 ], [ -84.510582051999961, 33.779881293000074 ], [ -84.510522290999972, 33.779957034000063 ], [ -84.510486629999946, 33.780001766000055 ], [ -84.510473990999969, 33.780017602000044 ], [ -84.510412582999948, 33.780092664000051 ], [ -84.510350348999964, 33.78016739800006 ], [ -84.510287291999987, 33.780241446000048 ], [ -84.510223409999981, 33.780315137000059 ], [ -84.510158700999966, 33.780388477000031 ], [ -84.510093989999973, 33.78046112800007 ], [ -84.510027633999982, 33.780533453000032 ], [ -84.509960454999941, 33.780605093000077 ], [ -84.509906379999961, 33.78066229600006 ], [ -84.509852300999967, 33.780718787000069 ], [ -84.509769533999986, 33.780803166000055 ], [ -84.509679394999978, 33.78089479700003 ], [ -84.509613833999936, 33.780960248000042 ], [ -84.509515489999956, 33.781058085000041 ], [ -84.509432706999974, 33.781138700000042 ], [ -84.509349231999977, 33.781218023000065 ], [ -84.509331885999984, 33.781234478000044 ], [ -84.509229417999961, 33.781329577000065 ], [ -84.509126120999952, 33.781423634000078 ], [ -84.509038392999969, 33.781501184000035 ], [ -84.508785317, 33.781762282000045 ], [ -84.508060803999967, 33.782509743000048 ], [ -84.507208385999945, 33.783325189000038 ], [ -84.507362324999974, 33.783359503000042 ], [ -84.507512047999967, 33.783352906000061 ], [ -84.507611592999979, 33.783348867000029 ], [ -84.507711958999948, 33.783345151000049 ], [ -84.507811507999975, 33.78334213100004 ], [ -84.507962063999969, 33.783337592000066 ], [ -84.508061608999981, 33.783334897000032 ], [ -84.508161986999937, 33.783332917000052 ], [ -84.508261534999974, 33.783330910000075 ], [ -84.508361914999966, 33.783329255000069 ], [ -84.508461465999972, 33.783327965000069 ], [ -84.50849822899994, 33.783327587000031 ], [ -84.508612033999952, 33.783326501000033 ], [ -84.508711593999976, 33.783326225000053 ], [ -84.508864627999969, 33.783324428000071 ], [ -84.509095011999989, 33.78332345900003 ], [ -84.509154515999967, 33.78332357000005 ], [ -84.509248054999944, 33.783323723000024 ], [ -84.509401098999945, 33.783324312000047 ], [ -84.50955414799995, 33.783325948000027 ], [ -84.51052829799994, 33.783337913000025 ], [ -84.510914475999982, 33.783342636000043 ], [ -84.510991657999966, 33.783343604000038 ], [ -84.51177421899996, 33.78336167100008 ], [ -84.512357695999981, 33.783363364000024 ], [ -84.512497474999975, 33.783363768000072 ], [ -84.512608518999969, 33.78335521200006 ], [ -84.512717906999967, 33.783343582000043 ], [ -84.512762906999967, 33.783337548000077 ], [ -84.512828102999947, 33.783328844000039 ], [ -84.512936640999953, 33.783311007000066 ], [ -84.513022149999983, 33.78329463700004 ], [ -84.51341178399997, 33.783201120000058 ], [ -84.513829427999951, 33.783035654000059 ], [ -84.514021326999966, 33.782959621000032 ], [ -84.514129026999967, 33.782937334000053 ], [ -84.514240100999984, 33.782936332000077 ], [ -84.514350352999941, 33.782935692000024 ], [ -84.514489526999967, 33.782965174000026 ], [ -84.514515632999974, 33.782975048000026 ], [ -84.514690595, 33.783041225000034 ], [ -84.514788663, 33.783078380000063 ], [ -84.514890000999969, 33.783111402000031 ], [ -84.514969901999962, 33.783134208000035 ], [ -84.515051441999958, 33.783154590000038 ], [ -84.515134619999969, 33.783172217000072 ], [ -84.515217781999979, 33.783187099000031 ], [ -84.515195268999946, 33.785843542000066 ], [ -84.515865886999961, 33.785968449000052 ], [ -84.517439254999942, 33.789208123000037 ], [ -84.515088123999988, 33.790585683000074 ], [ -84.515013272999965, 33.790626759000077 ], [ -84.514887981999948, 33.790695490000076 ], [ -84.514878094999972, 33.79070093100006 ], [ -84.514805022999951, 33.790741041000047 ], [ -84.514265687999966, 33.791036979000069 ], [ -84.514163317999987, 33.791093137000075 ], [ -84.514088175999973, 33.791134382000052 ], [ -84.514032290999978, 33.791177136000044 ], [ -84.51396871299994, 33.791205128000058 ], [ -84.513920709, 33.791226258000052 ], [ -84.513852561999954, 33.791263662000063 ], [ -84.513761655999986, 33.79131355100003 ], [ -84.513690744999963, 33.791352442000061 ], [ -84.51364949699996, 33.791375095000035 ], [ -84.513646870999935, 33.791376533000061 ], [ -84.51361927499994, 33.791398154000035 ], [ -84.513491214999988, 33.791475107000053 ], [ -84.513399249999964, 33.791524504000051 ], [ -84.513274457999955, 33.79159526400008 ], [ -84.513156169999945, 33.791646795000077 ], [ -84.51306017099995, 33.791716102000066 ], [ -84.512976451999975, 33.791769568000063 ], [ -84.512833533999981, 33.791835267000067 ], [ -84.512695561999976, 33.791902988000061 ], [ -84.512662097999964, 33.791930372000024 ], [ -84.512618461999978, 33.791966054000056 ], [ -84.512487858999975, 33.792024821000041 ], [ -84.512376967999955, 33.792074270000057 ], [ -84.512254648999942, 33.792146395000032 ], [ -84.512159410999971, 33.792200252000043 ], [ -84.512020671999949, 33.792282732000047 ], [ -84.511946781999939, 33.792325205000054 ], [ -84.511900588999936, 33.792346140000063 ], [ -84.511808787999939, 33.792387785000074 ], [ -84.511749688999942, 33.792425134000041 ], [ -84.511714392999977, 33.792447464000077 ], [ -84.511638848999951, 33.792487526000059 ], [ -84.511518121999984, 33.792546949000041 ], [ -84.511396742999978, 33.792649658000073 ], [ -84.511299891999954, 33.792711409000049 ], [ -84.511215325999956, 33.79275973600005 ], [ -84.511133236999967, 33.792810151000026 ], [ -84.511049462999949, 33.79285056100008 ], [ -84.510903460999941, 33.792968125000073 ], [ -84.510799126999984, 33.793012030000057 ], [ -84.510739599999965, 33.793065815000034 ], [ -84.510711394999987, 33.793091288000028 ], [ -84.510627762999945, 33.793167095000058 ], [ -84.510590957999966, 33.793191466000053 ], [ -84.510512039999981, 33.793243681000035 ], [ -84.510435476999987, 33.793243895000046 ], [ -84.510388101, 33.79327461400004 ], [ -84.510358406999956, 33.793306633000043 ], [ -84.510249002999956, 33.793383007000045 ], [ -84.510128633999955, 33.793467025000041 ], [ -84.510057309, 33.793534199000078 ], [ -84.509891490999962, 33.793635658000028 ], [ -84.509847441999966, 33.793658729000072 ], [ -84.50980115699997, 33.793682986000078 ], [ -84.509673909999947, 33.793758560000072 ], [ -84.509551532999978, 33.793817297000032 ], [ -84.509490191999987, 33.793911951000041 ], [ -84.509404876999952, 33.793979852000064 ], [ -84.50931223799995, 33.794067363000067 ], [ -84.509244493999972, 33.794107538000048 ], [ -84.509213208999938, 33.794137140000032 ], [ -84.50911722099994, 33.794227851000073 ], [ -84.508980803999975, 33.794356821000065 ], [ -84.508929025999976, 33.794406845000026 ], [ -84.508878462999974, 33.794455712000058 ], [ -84.50881123299996, 33.794517403000043 ], [ -84.508760292999966, 33.79457091200004 ], [ -84.508739115999958, 33.794593178000071 ], [ -84.508698436999964, 33.794628083000077 ], [ -84.508648476999952, 33.794670929000063 ], [ -84.508604564999985, 33.794712468000057 ], [ -84.508548128999962, 33.794765802000029 ], [ -84.508510547999947, 33.794801329000052 ], [ -84.508489077999968, 33.794831948000024 ], [ -84.508459742999946, 33.794904829000075 ], [ -84.508325956999954, 33.794993171000044 ], [ -84.508267582999963, 33.795031010000059 ], [ -84.508110042999988, 33.79512224900003 ], [ -84.508051056999989, 33.79518869900005 ], [ -84.507982113999958, 33.795234594000078 ], [ -84.507902061999971, 33.795376513000065 ], [ -84.507775247999973, 33.795496382000067 ], [ -84.507634856999971, 33.795629097000074 ], [ -84.507575044999953, 33.795670568000048 ], [ -84.507519796999986, 33.795708869000066 ], [ -84.507496885999956, 33.795724762000077 ], [ -84.507369822999976, 33.795848094000064 ], [ -84.507276565999973, 33.795938878000072 ], [ -84.507242755999982, 33.795971785000063 ], [ -84.507225378999976, 33.795988788000045 ], [ -84.507116517999975, 33.796095445000049 ], [ -84.507004386999938, 33.796233028000074 ], [ -84.507001594999963, 33.796235072000059 ], [ -84.506968016999963, 33.796259428000042 ], [ -84.506889934999947, 33.796333244000039 ], [ -84.506872845999965, 33.796349368000051 ], [ -84.506743765999943, 33.796471386000064 ], [ -84.506703723999976, 33.796509228000048 ], [ -84.50660438999995, 33.796603137000034 ], [ -84.506593405, 33.796613526000044 ], [ -84.506489435999981, 33.796717584000078 ], [ -84.50638773299994, 33.796820593000064 ], [ -84.506365665999965, 33.796842972000036 ], [ -84.506307303999961, 33.79689309500003 ], [ -84.506290213999989, 33.796907760000067 ], [ -84.506213934999948, 33.796972225000047 ], [ -84.506137653999986, 33.79703597200006 ], [ -84.506060547999937, 33.797099750000029 ], [ -84.506027014999972, 33.797126885000068 ], [ -84.505982618999951, 33.797162818000061 ], [ -84.505921289999947, 33.79721190600003 ], [ -84.505904682999983, 33.797225197000046 ], [ -84.505825926999989, 33.797287607000044 ], [ -84.505747167999971, 33.797349329000042 ], [ -84.505667587999937, 33.797410694000064 ], [ -84.505649795999943, 33.797424128000046 ], [ -84.50558717499996, 33.797471377000079 ], [ -84.505536663999976, 33.79750924800004 ], [ -84.505506765999939, 33.797531702000072 ], [ -84.505425530999958, 33.797591698000076 ], [ -84.50534429399994, 33.79765100700007 ], [ -84.505287310999961, 33.797691945000054 ], [ -84.505262229999971, 33.797709963000045 ], [ -84.505179344999988, 33.797768616000042 ], [ -84.505160829999966, 33.797781529000076 ], [ -84.505096456999979, 33.797826556000075 ], [ -84.505012742999952, 33.797884140000065 ], [ -84.504929026999946, 33.797941068000057 ], [ -84.504888707999953, 33.797968027000024 ], [ -84.504844483999989, 33.797997635000058 ], [ -84.50475911999996, 33.798053851000077 ], [ -84.504752451999934, 33.798058185000059 ], [ -84.504673748999949, 33.798109381000074 ], [ -84.504588380999962, 33.798164578000069 ], [ -84.504553114999965, 33.798186907000058 ], [ -84.504505193999989, 33.798221942000055 ], [ -84.504495705999943, 33.798228893000044 ], [ -84.50442378799994, 33.798281472000042 ], [ -84.504342779999945, 33.798340726000049 ], [ -84.504285041999935, 33.798382956000069 ], [ -84.504269847999979, 33.798394046000055 ], [ -84.504177066999944, 33.798415134000038 ], [ -84.504088396999975, 33.798468249000052 ], [ -84.504046955999968, 33.798493839000059 ], [ -84.504000554999948, 33.798522439000067 ], [ -84.503999963999945, 33.798522824000031 ], [ -84.503914362999978, 33.798577967000028 ], [ -84.50385595399996, 33.798616741000046 ], [ -84.503846231999944, 33.798623169000052 ], [ -84.503778933999968, 33.798669387000075 ], [ -84.503713310999956, 33.798715683000069 ], [ -84.503712458999985, 33.798716287000047 ], [ -84.503645985999981, 33.798763875000077 ], [ -84.503636168999947, 33.798771215000045 ], [ -84.503564750999942, 33.798824559000025 ], [ -84.503500753999958, 33.798873872000058 ], [ -84.50342199499994, 33.798936252000033 ], [ -84.503344885999979, 33.799000359000047 ], [ -84.503283366999938, 33.79905205600005 ], [ -84.503207913999972, 33.799117889000058 ], [ -84.503134928999941, 33.79918473400005 ], [ -84.503060636999976, 33.799278402000027 ], [ -84.503023580999979, 33.79930551700005 ], [ -84.502963575999956, 33.799349406000033 ], [ -84.502945927999974, 33.799373062000029 ], [ -84.50290616999996, 33.799426374000063 ], [ -84.502849091999963, 33.799502932000053 ], [ -84.502795952999975, 33.799542429000041 ], [ -84.502748032999989, 33.799578094000026 ], [ -84.502671019, 33.799666579000075 ], [ -84.502668659999983, 33.79966938900003 ], [ -84.502596477999987, 33.799756097000056 ], [ -84.502524414999982, 33.799846984000055 ], [ -84.502465460999986, 33.799923737000029 ], [ -84.502419613999962, 33.799985697000068 ], [ -84.502375584999982, 33.800048093000044 ], [ -84.502331222999942, 33.800111009000034 ], [ -84.502260815999989, 33.800204971000028 ], [ -84.502183821999949, 33.800298951000059 ], [ -84.502109304999976, 33.80039363800006 ], [ -84.502036429999976, 33.800489334000076 ], [ -84.501965207999945, 33.800585718000036 ], [ -84.501895637999951, 33.800683136000032 ], [ -84.501844077999976, 33.800756765000074 ], [ -84.501777801999935, 33.800855551000041 ], [ -84.501713172999985, 33.80095502100005 ], [ -84.501649371999974, 33.801055503000043 ], [ -84.501608327999975, 33.801166781000063 ], [ -84.501536741999985, 33.80126277800008 ], [ -84.501496166999971, 33.801317192000056 ], [ -84.50147115599998, 33.801361369000062 ], [ -84.50141559399998, 33.801464936000059 ], [ -84.501361680999935, 33.801568825000061 ], [ -84.501309421999963, 33.80167373200004 ], [ -84.50125367399994, 33.801729864000038 ], [ -84.501195454999959, 33.801783967000063 ], [ -84.501134756999988, 33.801835660000052 ], [ -84.501074037999956, 33.80188323200008 ], [ -84.501034933999961, 33.80198606600004 ], [ -84.500965622999956, 33.802150434000055 ], [ -84.500939541999969, 33.802198872000076 ], [ -84.500904211999966, 33.802281855000047 ], [ -84.500805295999953, 33.802402689000075 ], [ -84.500758225999959, 33.802624433000062 ], [ -84.500743066999974, 33.802695897000035 ], [ -84.500669002999985, 33.802909416000034 ], [ -84.500617569999974, 33.803016377000063 ], [ -84.500565323999979, 33.803126448000057 ], [ -84.50052935399998, 33.803188409000029 ], [ -84.500503672999969, 33.803221841000038 ], [ -84.500494179999976, 33.803244156000062 ], [ -84.500448165999956, 33.803297071000031 ], [ -84.500350336999986, 33.803409628000054 ], [ -84.500246509999954, 33.80352907300005 ], [ -84.500195970999982, 33.803594313000076 ], [ -84.500098440999977, 33.803700055000036 ], [ -84.500051759999963, 33.803759596000077 ], [ -84.500025581999978, 33.803783193000072 ], [ -84.499995268999953, 33.803818096000043 ], [ -84.499931325999967, 33.803891646000068 ], [ -84.49983016799996, 33.803919234000034 ], [ -84.499788069999966, 33.804056432000039 ], [ -84.499730290999935, 33.804122899000049 ], [ -84.499670736999974, 33.804191408000065 ], [ -84.499603460999936, 33.804244850000032 ], [ -84.499516409999956, 33.804293869000048 ], [ -84.499462831999949, 33.804315421000069 ], [ -84.499375205999968, 33.804367710000065 ], [ -84.499265735999984, 33.804382128000043 ], [ -84.499184452999941, 33.804432503000044 ], [ -84.49910730199997, 33.804487674000029 ], [ -84.499048300999959, 33.804562695000072 ], [ -84.498967866999976, 33.804610706000062 ], [ -84.498907753999958, 33.804679022000073 ], [ -84.498884940999972, 33.804704972000025 ], [ -84.498849886999949, 33.804748763000077 ], [ -84.498799966999968, 33.804822410000043 ], [ -84.498732027999949, 33.804918095000062 ], [ -84.498669742999937, 33.804986970000073 ], [ -84.49861236299995, 33.805047252000065 ], [ -84.498554985999988, 33.805106826000042 ], [ -84.49847299399994, 33.805187432000025 ], [ -84.498413134999964, 33.805245305000028 ], [ -84.498356712999964, 33.805305614000076 ], [ -84.498292173999971, 33.805379 ], [ -84.497894935999966, 33.80575030600005 ], [ -84.497619748999966, 33.806065825000076 ], [ -84.497583015999965, 33.80604199000004 ], [ -84.497430984999937, 33.806205007000074 ], [ -84.495330010999965, 33.808404004000067 ], [ -84.495141986999954, 33.808531002000052 ], [ -84.495327583999938, 33.808664347000047 ], [ -84.495214855999961, 33.808767211000031 ], [ -84.494487672999981, 33.809430667000072 ], [ -84.493598764999945, 33.81029495100006 ], [ -84.492395272999943, 33.811335587000031 ], [ -84.491505882999945, 33.812083026000039 ], [ -84.490388046999954, 33.812714289000041 ], [ -84.489672295999981, 33.813022924000052 ], [ -84.489060880999943, 33.813156545000027 ], [ -84.488116280999975, 33.813362983000047 ], [ -84.48770693199998, 33.813431519000062 ], [ -84.486786990999974, 33.813585612000054 ], [ -84.485615938999956, 33.813866189000066 ], [ -84.484660433999977, 33.814341346000049 ], [ -84.484579995999979, 33.814402015000042 ], [ -84.484489638999946, 33.814452759000062 ], [ -84.484416531999955, 33.81449279800006 ], [ -84.484119671999963, 33.814702840000052 ], [ -84.484013645999937, 33.814762116000054 ], [ -84.483916716999943, 33.814816314000041 ], [ -84.483835726999985, 33.814861592000057 ], [ -84.483747176999941, 33.814911122000069 ], [ -84.483704594999949, 33.814934923000067 ], [ -84.483644580999965, 33.814972644000079 ], [ -84.483557498999971, 33.815017170000033 ], [ -84.483483642999943, 33.815077818000077 ], [ -84.483398830999988, 33.81513269800007 ], [ -84.483344945999988, 33.815189147000069 ], [ -84.483271075999937, 33.81524633600003 ], [ -84.483205453999972, 33.815307321000034 ], [ -84.483117799999945, 33.815376446000073 ], [ -84.48311763199996, 33.81537661200008 ], [ -84.48302152499997, 33.815430090000064 ], [ -84.482917233999956, 33.815495626000029 ], [ -84.482832927999937, 33.815544762000059 ], [ -84.482756287999962, 33.815600556000049 ], [ -84.482654885999978, 33.815674382000054 ], [ -84.482589804999975, 33.815721791000044 ], [ -84.482513557999937, 33.815777308000065 ], [ -84.482419544999971, 33.815845761000048 ], [ -84.482358403999967, 33.815890302000071 ], [ -84.482284584999945, 33.815944023000043 ], [ -84.482217567999953, 33.815992838000057 ], [ -84.482147787999963, 33.816043639000043 ], [ -84.482040305999988, 33.816083929000058 ], [ -84.482000872999947, 33.816150593000032 ], [ -84.481929945, 33.816202246000046 ], [ -84.48186463199994, 33.816249819000063 ], [ -84.481763065999985, 33.816323761000035 ], [ -84.48168917299995, 33.816401915000029 ], [ -84.481621011999948, 33.816444685000079 ], [ -84.481545427999947, 33.816483356000049 ], [ -84.481453343999988, 33.816549272000032 ], [ -84.481348004999973, 33.816625998000063 ], [ -84.481320125999957, 33.816646293000076 ], [ -84.481272075999982, 33.816687750000028 ], [ -84.481184214999985, 33.816747059000079 ], [ -84.48110952199994, 33.816803948000029 ], [ -84.481004465999945, 33.816888035000034 ], [ -84.48091577699995, 33.816945285000031 ], [ -84.480862434999949, 33.816979529000037 ], [ -84.480832023999938, 33.81700167300005 ], [ -84.480761261999987, 33.817053189000035 ], [ -84.480680321999955, 33.817159202000028 ], [ -84.480628660999969, 33.817212924000046 ], [ -84.480530132999945, 33.817280505000042 ], [ -84.480162680999968, 33.817640440000048 ], [ -84.48010209499995, 33.817729553000049 ], [ -84.480034873999955, 33.817805657000065 ], [ -84.479932254999937, 33.817880120000041 ], [ -84.479835592999962, 33.817954926000027 ], [ -84.479774775999942, 33.818034748000059 ], [ -84.479726531999972, 33.81812248600005 ], [ -84.479679875999977, 33.818194745000028 ], [ -84.479638162999947, 33.818268006000039 ], [ -84.479581677999988, 33.81835370400006 ], [ -84.479535802999976, 33.818415296000069 ], [ -84.479477631999941, 33.818489646000046 ], [ -84.479420344999937, 33.81858152500007 ], [ -84.479355742999985, 33.818697802000031 ], [ -84.479294292999953, 33.818776282000044 ], [ -84.479253360999962, 33.818839239000056 ], [ -84.479220688999987, 33.818908024000052 ], [ -84.479170711999984, 33.818973094000057 ], [ -84.479087917999948, 33.819067428000039 ], [ -84.479006842999979, 33.81918201600007 ], [ -84.478953603999969, 33.819256022000047 ], [ -84.478897059999952, 33.819325886000058 ], [ -84.478856953, 33.819387464000044 ], [ -84.478809416999979, 33.819444967000038 ], [ -84.478777467999976, 33.819487318000029 ], [ -84.478741087999936, 33.819524070000057 ], [ -84.478688892999969, 33.819576832000052 ], [ -84.478605882999943, 33.819611752000071 ], [ -84.478568758999984, 33.819698220000078 ], [ -84.478474671999948, 33.819793325000035 ], [ -84.478411782999956, 33.819856886000025 ], [ -84.478355354999962, 33.819913916000075 ], [ -84.478285837999977, 33.819984200000079 ], [ -84.47821468099994, 33.820056108000074 ], [ -84.478153533999944, 33.820117904000028 ], [ -84.478082406999988, 33.820189787000061 ], [ -84.478005708999945, 33.820267315000024 ], [ -84.477922869999986, 33.820351014000039 ], [ -84.47777582599997, 33.820478983000044 ], [ -84.477697605999936, 33.820547033000025 ], [ -84.477626545999954, 33.820608829000037 ], [ -84.477573632999963, 33.820654856000033 ], [ -84.477565262999974, 33.82066216100003 ], [ -84.47749141099996, 33.820726408000041 ], [ -84.477387657999941, 33.820816672000035 ], [ -84.476828839999939, 33.821249026000032 ], [ -84.47408, 33.823694235000062 ], [ -84.471863371999973, 33.825622471000031 ], [ -84.470714950999934, 33.826542164000045 ], [ -84.46991299299998, 33.826969096000028 ], [ -84.469404874999952, 33.827149335000058 ], [ -84.468896675999986, 33.827307230000031 ], [ -84.468469490999951, 33.827383574000066 ], [ -84.468430017999935, 33.827404010000066 ], [ -84.468373267999937, 33.827400794000027 ], [ -84.46824443099996, 33.827423810000028 ], [ -84.46795618699997, 33.827475356000036 ], [ -84.467820403999951, 33.82749962500003 ], [ -84.467716480999968, 33.82751821100004 ], [ -84.467641349999951, 33.827531640000075 ], [ -84.467605018999961, 33.82753813000005 ], [ -84.467527893999943, 33.827546151000035 ], [ -84.467426376999981, 33.827556704000074 ], [ -84.467344151999953, 33.827566938000075 ], [ -84.467256107999958, 33.827578143000039 ], [ -84.46714831099996, 33.827591131000077 ], [ -84.467033929999957, 33.827605150000068 ], [ -84.466917077999938, 33.827619178000077 ], [ -84.466833974999986, 33.827631059000055 ], [ -84.466610913999943, 33.827641549000077 ], [ -84.466507195999952, 33.827644221000071 ], [ -84.466390302999969, 33.827644835000058 ], [ -84.466293145999941, 33.827640949000056 ], [ -84.466208326999947, 33.827633953000031 ], [ -84.466070796999986, 33.827619174000063 ], [ -84.465948924999964, 33.827609849000055 ], [ -84.465830365999977, 33.827606014000025 ], [ -84.465724971999975, 33.827599732000067 ], [ -84.465688539999974, 33.827595533000078 ], [ -84.465633457999957, 33.827589042000056 ], [ -84.465516598999955, 33.827572753000027 ], [ -84.465409526999963, 33.827556853000033 ], [ -84.465046317999963, 33.827509638000038 ], [ -84.46490599599997, 33.827468729000032 ], [ -84.464860458999965, 33.827461197000048 ], [ -84.464811431999976, 33.827453099000024 ], [ -84.464776918999974, 33.827451204000056 ], [ -84.464665722999939, 33.827433965000068 ], [ -84.464583344999937, 33.827418693000027 ], [ -84.464496864999944, 33.827406894000035 ], [ -84.464365887999975, 33.827382831000079 ], [ -84.464281858999982, 33.827365501000031 ], [ -84.464200269999935, 33.827339592000044 ], [ -84.464100519999988, 33.827299982000056 ], [ -84.464015608999944, 33.827264817000071 ], [ -84.463915025999938, 33.827222794000079 ], [ -84.463786358999982, 33.82715233600004 ], [ -84.463712481999949, 33.82713704300005 ], [ -84.463588404999939, 33.82704252800005 ], [ -84.463519854999959, 33.82697777900006 ], [ -84.463384942999937, 33.827005229000065 ], [ -84.463268916999937, 33.827019606000079 ], [ -84.463107444999935, 33.826985284000045 ], [ -84.462980497, 33.826936151000041 ], [ -84.462881601999982, 33.826904782000042 ], [ -84.462751535999985, 33.826895420000028 ], [ -84.46266931699995, 33.826849971000058 ], [ -84.462609436999969, 33.826816860000065 ], [ -84.462562839999975, 33.826796995000052 ], [ -84.462482506999947, 33.826762725000037 ], [ -84.462429767999936, 33.826699063000035 ], [ -84.462343973999964, 33.826646696000068 ], [ -84.462247159999947, 33.826608620000059 ], [ -84.462165090999974, 33.826576357000079 ], [ -84.462066161999985, 33.826535017000026 ], [ -84.461963939999976, 33.826494063000041 ], [ -84.461865043999978, 33.826462010000057 ], [ -84.461775196999952, 33.826427515000034 ], [ -84.461678190999976, 33.826419556000076 ], [ -84.461569203999943, 33.826373045000025 ], [ -84.461497211999983, 33.826332431000026 ], [ -84.461423886999967, 33.826247303000059 ], [ -84.461321792999968, 33.826233449000028 ], [ -84.461234524999952, 33.826184218000037 ], [ -84.461173151999958, 33.826108786000077 ], [ -84.461079297999959, 33.826096643000028 ], [ -84.460977647999982, 33.826039285000036 ], [ -84.460879294999984, 33.825983786000052 ], [ -84.460796351999988, 33.82593698900007 ], [ -84.460665206999977, 33.825863018000064 ], [ -84.460283903999937, 33.825577066000051 ], [ -84.460201445999985, 33.825536040000031 ], [ -84.46013047699995, 33.825486411000043 ], [ -84.460076776999983, 33.825429844000041 ], [ -84.460006562999979, 33.825378454000031 ], [ -84.459923210999989, 33.825298296000028 ], [ -84.459845579999978, 33.825225981000074 ], [ -84.459802522999951, 33.825151552000079 ], [ -84.459759503999976, 33.825089819000027 ], [ -84.459690377999948, 33.825048925000033 ], [ -84.459587106999948, 33.824987859000032 ], [ -84.459522384999957, 33.824944757000026 ], [ -84.459430340999972, 33.824883442000043 ], [ -84.459371716999954, 33.824831364000033 ], [ -84.459257992999937, 33.824795580000057 ], [ -84.459187868999948, 33.824751415000037 ], [ -84.459074959999953, 33.82471287900006 ], [ -84.45894561199998, 33.824682627000072 ], [ -84.45883280299995, 33.82467327300003 ], [ -84.458735610999952, 33.824657702000025 ], [ -84.45863762, 33.82464864700006 ], [ -84.458534663999956, 33.824633086000063 ], [ -84.458421840999961, 33.824619613000038 ], [ -84.45831799299998, 33.824583116000042 ], [ -84.458206858999972, 33.824582691000046 ], [ -84.458108903999971, 33.824583940000025 ], [ -84.45800234799998, 33.824613815000077 ], [ -84.457924698999989, 33.824621365000041 ], [ -84.457808729999954, 33.824632633000078 ], [ -84.457700661, 33.824643165000055 ], [ -84.457603982999956, 33.824652545000049 ], [ -84.457480350999958, 33.82469535000007 ], [ -84.457314247999989, 33.82474897700007 ], [ -84.457200684999975, 33.824760593000065 ], [ -84.45706499299996, 33.824800763000042 ], [ -84.456976324999971, 33.824871381000037 ], [ -84.456904053999949, 33.824922421000053 ], [ -84.456816996999976, 33.824983084000053 ], [ -84.456706975999964, 33.825068180000073 ], [ -84.456477765999978, 33.82524545900003 ], [ -84.456382656999949, 33.825319031000049 ], [ -84.456419136999955, 33.825396251000029 ], [ -84.456350259999965, 33.825477128000045 ], [ -84.456299302, 33.825521191000064 ], [ -84.45628643699996, 33.825552415000061 ], [ -84.456223098999942, 33.825606265000033 ], [ -84.456171504999986, 33.825685725000028 ], [ -84.456142918999944, 33.825754140000072 ], [ -84.456161143999964, 33.825856277000071 ], [ -84.456080994, 33.825942898000051 ], [ -84.456044535999979, 33.82601001200004 ], [ -84.456009815999948, 33.826073961000077 ], [ -84.455973853999978, 33.826152010000044 ], [ -84.455942117999939, 33.826261685000077 ], [ -84.455917650999936, 33.826329761000068 ], [ -84.455902241, 33.826397456000052 ], [ -84.455897042999936, 33.826496734000045 ], [ -84.455870684999979, 33.826560692000044 ], [ -84.455840319999936, 33.826589289000026 ], [ -84.455789743999958, 33.826579737000031 ], [ -84.455721700999959, 33.826566895000042 ], [ -84.45561979699994, 33.826619681000068 ], [ -84.455555846999971, 33.826697466000041 ], [ -84.455504283999971, 33.826786575000028 ], [ -84.455433611999979, 33.826823512000033 ], [ -84.455367125999942, 33.826881380000032 ], [ -84.455372340999986, 33.826953207000031 ], [ -84.455377484999985, 33.827024235000067 ], [ -84.455372784999952, 33.827095698000051 ], [ -84.455336462999981, 33.827163666000047 ], [ -84.455303246999961, 33.827225743000042 ], [ -84.455284539, 33.82729276200007 ], [ -84.455263450999951, 33.827386248000039 ], [ -84.455352871999935, 33.82746076400008 ], [ -84.455339895999941, 33.827538624000056 ], [ -84.455233444999976, 33.827521670000067 ], [ -84.455146357999979, 33.827574417000051 ], [ -84.455101452999941, 33.827684481000063 ], [ -84.455072106999978, 33.827771118000044 ], [ -84.455054227999938, 33.827840551000065 ], [ -84.455016633999946, 33.827923056000031 ], [ -84.455020617999935, 33.827991535000024 ], [ -84.455025370999977, 33.828072816000031 ], [ -84.455026483999973, 33.828158723000058 ], [ -84.455072878999943, 33.828246555000078 ], [ -84.455088347999947, 33.828322700000058 ], [ -84.455102174999979, 33.828390739000042 ], [ -84.455151017999981, 33.828470680000066 ], [ -84.455110139999988, 33.828556330000026 ], [ -84.45515439199994, 33.82865170000008 ], [ -84.455148871999938, 33.82868479800004 ], [ -84.455152701999964, 33.828727991000051 ], [ -84.455172695999977, 33.828798354000071 ], [ -84.455187832999968, 33.828893132000076 ], [ -84.455222672, 33.828971267000043 ], [ -84.45524194799998, 33.829071996000039 ], [ -84.455269353999938, 33.829143029000079 ], [ -84.455302577999987, 33.829231581000045 ], [ -84.455348129999948, 33.829312548000075 ], [ -84.455396180999969, 33.829402080000079 ], [ -84.455426892999981, 33.82947794100005 ], [ -84.455451866999965, 33.829559999000026 ], [ -84.45549252099994, 33.829653344000064 ], [ -84.45552648499995, 33.829716447000067 ], [ -84.455569572999934, 33.829798793000066 ], [ -84.45561513499996, 33.829882534000035 ], [ -84.455670637999958, 33.82998579100007 ], [ -84.455786053999987, 33.83027751700007 ], [ -84.455853038999976, 33.830367033000073 ], [ -84.45588782699997, 33.830429804000062 ], [ -84.455990294999935, 33.830543286000079 ], [ -84.456028486999969, 33.83063971200005 ], [ -84.456068222999988, 33.830704887000024 ], [ -84.456113755, 33.830779341000039 ], [ -84.456141164999963, 33.830851417000076 ], [ -84.456196564999971, 33.830922384000075 ], [ -84.456274290999943, 33.831023883000057 ], [ -84.45632225099996, 33.831085935000033 ], [ -84.456361975999982, 33.831147676000057 ], [ -84.456495507999989, 33.831244237000078 ], [ -84.456534995999959, 33.831314747000079 ], [ -84.45658111399996, 33.831397138000057 ], [ -84.456616928999949, 33.831461061000027 ], [ -84.456661356999973, 33.831540406000045 ], [ -84.456724257999952, 33.831648403000031 ], [ -84.456769786999985, 33.831721809000044 ], [ -84.456817823999984, 33.831807906000051 ], [ -84.456870752999976, 33.831888579000065 ], [ -84.456924725999954, 33.831965321000041 ], [ -84.457001094999953, 33.832073859000047 ], [ -84.457303338999964, 33.83247284600003 ], [ -84.457423560999985, 33.832674391000069 ], [ -84.457640325999989, 33.833037855000043 ], [ -84.457724553999981, 33.83310229500006 ], [ -84.457782990999988, 33.833185370000024 ], [ -84.457827861999988, 33.833249159000047 ], [ -84.457873561999975, 33.833314131000066 ], [ -84.457922334999978, 33.833383464000065 ], [ -84.457970715999977, 33.833452217000058 ], [ -84.45802544999998, 33.833529999000064 ], [ -84.458082497999953, 33.833611132000044 ], [ -84.458143053999947, 33.833697199000028 ], [ -84.458206951999955, 33.833788039000069 ], [ -84.458271847999981, 33.833880283000042 ], [ -84.458327639999936, 33.833959572000026 ], [ -84.458379425999965, 33.834033214000044 ], [ -84.458399837999934, 33.834138091000057 ], [ -84.458452719999968, 33.834193947000074 ], [ -84.458531450999942, 33.834249329000045 ], [ -84.458562255999936, 33.834293089000028 ], [ -84.458595547999948, 33.834340417000078 ], [ -84.458627974999956, 33.834405172000061 ], [ -84.458645546999946, 33.834488265000061 ], [ -84.458638495999935, 33.834593730000051 ], [ -84.458635668999989, 33.83463383000003 ], [ -84.458648604999951, 33.834748400000024 ], [ -84.45866164399996, 33.83486404100006 ], [ -84.458902015999968, 33.835338997000065 ], [ -84.459725277999951, 33.836965521000025 ], [ -84.460425553999983, 33.838349033000043 ], [ -84.460696455999937, 33.839799440000036 ], [ -84.460699832999978, 33.840785347000065 ], [ -84.460452988999975, 33.842276838000032 ], [ -84.459884924999983, 33.843741609000062 ], [ -84.459466410999937, 33.844513504000076 ], [ -84.459004492999952, 33.845365497000046 ], [ -84.458782052999936, 33.846055797000076 ], [ -84.45870294499997, 33.847006200000067 ], [ -84.458693746999984, 33.847885155000029 ], [ -84.458693001999961, 33.847956745000033 ], [ -84.458755912999948, 33.848333457000024 ], [ -84.458821002999969, 33.848723383000049 ], [ -84.458836032999955, 33.848813325000037 ], [ -84.458851031999984, 33.848903127000028 ], [ -84.458876493999981, 33.848972457000059 ], [ -84.458908544999986, 33.849059638000028 ], [ -84.458933977999948, 33.849128886000074 ], [ -84.458965957999965, 33.849215902000026 ], [ -84.458991560999948, 33.849285620000046 ], [ -84.45902347699996, 33.84937244200006 ], [ -84.45904907399995, 33.849442102000069 ], [ -84.459074671999986, 33.849511820000032 ], [ -84.459112841999968, 33.849615665000044 ], [ -84.460172761999956, 33.851586355000052 ], [ -84.460194418999947, 33.851657755000076 ], [ -84.460212779999949, 33.851730211000074 ], [ -84.460228675999986, 33.851802973000076 ], [ -84.460241278999945, 33.851876126000036 ], [ -84.460251411999934, 33.851949615000024 ], [ -84.460258249999981, 33.852023470000063 ], [ -84.460261797999976, 33.852097308000054 ], [ -84.460262875999945, 33.852171177000059 ], [ -84.460259834999988, 33.852245357000072 ], [ -84.46025432, 33.852318883000066 ], [ -84.460246341999948, 33.852392774000066 ], [ -84.460234239999977, 33.852465990000042 ], [ -84.460219667, 33.852538849000041 ], [ -84.46020262199994, 33.852611360000026 ], [ -84.46018145499994, 33.852683550000052 ], [ -84.460158644999979, 33.852754702000027 ], [ -84.460131710999974, 33.852825204000055 ], [ -84.460102304999964, 33.852895023000031 ], [ -84.460070425999959, 33.852964131000078 ], [ -84.460035245999961, 33.853031903000044 ], [ -84.459997593999958, 33.85309896800004 ], [ -84.459956668999951, 33.853171205000024 ], [ -84.459890265999945, 33.853258620000076 ], [ -84.45983780499995, 33.85332986700007 ], [ -84.459791121999956, 33.853404509000029 ], [ -84.459729635999963, 33.853485040000066 ], [ -84.459683755999947, 33.853553526000042 ], [ -84.459646551999981, 33.853615778000062 ], [ -84.459620727999948, 33.853664260000073 ], [ -84.459602221999944, 33.853685410000026 ], [ -84.459580562999975, 33.85371899300003 ], [ -84.459524779999981, 33.853781314000059 ], [ -84.459495322999942, 33.853807548000077 ], [ -84.459446725999953, 33.853863067000077 ], [ -84.459340830999963, 33.853932215000043 ], [ -84.45925122899996, 33.853977418000056 ], [ -84.459187277999945, 33.85405965700005 ], [ -84.459135643999957, 33.854131920000043 ], [ -84.459079059999965, 33.854201115000023 ], [ -84.459014266999986, 33.854278908000026 ], [ -84.458960166999987, 33.854352220000067 ], [ -84.458896184999958, 33.854425530000071 ], [ -84.458855396999979, 33.854538631000025 ], [ -84.458631328999957, 33.854757673000051 ], [ -84.458545959999981, 33.854839274000028 ], [ -84.45848684799995, 33.854891990000056 ], [ -84.458423669999945, 33.854959440000073 ], [ -84.458349790999989, 33.855028680000032 ], [ -84.458253750999972, 33.855119597000055 ], [ -84.458179816999973, 33.855172674000073 ], [ -84.45810341899994, 33.85522781700007 ], [ -84.458041843999979, 33.855282929000055 ], [ -84.457949919999976, 33.855374191000067 ], [ -84.45785714799996, 33.855457186000024 ], [ -84.457789833999982, 33.855520198000079 ], [ -84.457702788999939, 33.855591884000034 ], [ -84.457617394999943, 33.855666617000054 ], [ -84.45754597399997, 33.855732413000055 ], [ -84.457477319999953, 33.855798502000027 ], [ -84.457416116, 33.855884667000055 ], [ -84.456886096999938, 33.856630897000059 ], [ -84.455947884999944, 33.857538635000026 ], [ -84.455734175999964, 33.857660056000043 ], [ -84.455661148, 33.857757266000078 ], [ -84.455565106999984, 33.857830485000079 ], [ -84.455436698999961, 33.857849006000038 ], [ -84.455290212999955, 33.857879248000074 ], [ -84.455227458999957, 33.857887776000041 ], [ -84.45516503999994, 33.857908838000071 ], [ -84.455048328999965, 33.857948162000071 ], [ -84.454951344999984, 33.858004399000038 ], [ -84.454878207999968, 33.85805197600007 ], [ -84.454786198999955, 33.858118119000039 ], [ -84.454707753999969, 33.858300726000039 ], [ -84.454674258999944, 33.858382236000068 ], [ -84.454646784999966, 33.858478816000058 ], [ -84.454591138999945, 33.858535421000056 ], [ -84.454545756999948, 33.858617149000054 ], [ -84.454467059999956, 33.858724871000049 ], [ -84.454406093999978, 33.858963059000075 ], [ -84.454375011999957, 33.859027357000059 ], [ -84.454354886999965, 33.859067366000033 ], [ -84.454340310999953, 33.859111863000066 ], [ -84.45431158599996, 33.859199599000078 ], [ -84.454286674999935, 33.859275590000038 ], [ -84.454256378999958, 33.859368111000038 ], [ -84.454246371999943, 33.859398639000062 ], [ -84.454242751999971, 33.859419890000026 ], [ -84.454241403999958, 33.859518940000044 ], [ -84.454194537999967, 33.859728598000061 ], [ -84.454237177999971, 33.859831007000025 ], [ -84.454236759999958, 33.859862639000028 ], [ -84.454250283999954, 33.859897811000053 ], [ -84.45425881999995, 33.859987109000031 ], [ -84.454232321999939, 33.860189518000027 ], [ -84.454268018999983, 33.860275649000073 ], [ -84.45430949699994, 33.860364181000079 ], [ -84.454350964999946, 33.860451337000029 ], [ -84.454371795999975, 33.860523099000034 ], [ -84.45437863899997, 33.860550842000066 ], [ -84.454406012999982, 33.860618466000062 ], [ -84.454441717999941, 33.860706654000069 ], [ -84.454474238999978, 33.860786909000069 ], [ -84.454457758, 33.860862963000045 ], [ -84.454486860999964, 33.860945011000069 ], [ -84.454527441999971, 33.861013618000072 ], [ -84.454597941999964, 33.861092383000027 ], [ -84.454593917999944, 33.861189019000051 ], [ -84.454622205999954, 33.861275492000061 ], [ -84.45464796899995, 33.861344497000061 ], [ -84.454686213999935, 33.861451587000033 ], [ -84.454958218999934, 33.861982093000051 ], [ -84.454999375999989, 33.862083710000036 ], [ -84.455009939999968, 33.862109763000035 ], [ -84.455029509999974, 33.862148825000077 ], [ -84.455086612999935, 33.862231137000038 ], [ -84.455156842999941, 33.862299679000046 ], [ -84.455209742999955, 33.862356249000072 ], [ -84.455276693999963, 33.86242823300006 ], [ -84.455336229999943, 33.86249919100004 ], [ -84.455399872999976, 33.862567744000046 ], [ -84.455474208999988, 33.86263146500005 ], [ -84.455541951999976, 33.862693470000067 ], [ -84.45558915099997, 33.862769292000053 ], [ -84.455650344999981, 33.862844039000038 ], [ -84.45570412099994, 33.86291536400006 ], [ -84.455775161999952, 33.862979452000047 ], [ -84.455837173999953, 33.863051776000077 ], [ -84.455899181999939, 33.863123083000062 ], [ -84.455926631999944, 33.863203733000034 ], [ -84.45597958999997, 33.863277150000044 ], [ -84.45601940399996, 33.863360879000027 ], [ -84.456035271999951, 33.863397831000043 ], [ -84.456040962999964, 33.863404797000044 ], [ -84.456057061999957, 33.863450105000027 ], [ -84.45608735899998, 33.863535365000075 ], [ -84.456119786999977, 33.86362669600004 ], [ -84.456149655, 33.863710746000038 ], [ -84.456178989999955, 33.863793345000033 ], [ -84.456181752999953, 33.863879907000069 ], [ -84.456178410999939, 33.863914542000032 ], [ -84.456178053999963, 33.86398467500004 ], [ -84.456202103999942, 33.864053325000043 ], [ -84.456191817, 33.864109384000074 ], [ -84.456186736999939, 33.864137180000057 ], [ -84.456181261999973, 33.864223431000028 ], [ -84.456183204999945, 33.864309995000042 ], [ -84.456176923999976, 33.864402402000053 ], [ -84.456175577999943, 33.864491035000071 ], [ -84.456140463999986, 33.86458043500005 ], [ -84.456116060999989, 33.864670853000064 ], [ -84.456075975999966, 33.864749959000051 ], [ -84.456052678999981, 33.864787250000063 ], [ -84.45603228799996, 33.864836407000041 ], [ -84.45599529499998, 33.864925536000044 ], [ -84.455960198999946, 33.865010183000038 ], [ -84.455927258999964, 33.865089544000057 ], [ -84.455893927999966, 33.865169896000054 ], [ -84.455858865999971, 33.865254378000031 ], [ -84.455829420999976, 33.865325375000054 ], [ -84.455794387999958, 33.865409746000068 ], [ -84.455759094999962, 33.865494801000068 ], [ -84.455743801999972, 33.865531719000046 ], [ -84.455719361999968, 33.865590614000041 ], [ -84.455682143999979, 33.865682162000041 ], [ -84.455667074999951, 33.865716578000047 ], [ -84.45563952699996, 33.865783011000076 ], [ -84.45560583699995, 33.865864217000023 ], [ -84.455593906, 33.86589293600008 ], [ -84.455561391999936, 33.865931679000028 ], [ -84.455498490999958, 33.86600663400003 ], [ -84.455434309999987, 33.86608312900006 ], [ -84.455396967999945, 33.866127626000036 ], [ -84.455375729999957, 33.866160378000075 ], [ -84.455320515999972, 33.86621871400007 ], [ -84.455249739999942, 33.866303086000073 ], [ -84.455160554999964, 33.866341908000038 ], [ -84.455137520999983, 33.866436828000076 ], [ -84.45507297499995, 33.86651370800007 ], [ -84.455015126999967, 33.866582660000063 ], [ -84.454958165999983, 33.866650535000076 ], [ -84.454885307999973, 33.866724631000068 ], [ -84.454814951999936, 33.866796193000027 ], [ -84.454745969999976, 33.866866326000036 ], [ -84.454667369999981, 33.866946260000077 ], [ -84.454617608999968, 33.867020276000062 ], [ -84.454564343999948, 33.867100097000048 ], [ -84.454497041999957, 33.867170333000047 ], [ -84.454430572999968, 33.867242958000077 ], [ -84.454366550999964, 33.867308405000074 ], [ -84.454313275999937, 33.867385480000053 ], [ -84.453900712999939, 33.867759621000062 ], [ -84.453827170999944, 33.867826326000056 ], [ -84.453712759999974, 33.867848218000063 ], [ -84.453630573999988, 33.86789993800005 ], [ -84.453569061999985, 33.867977391000068 ], [ -84.453526489999945, 33.868054412000049 ], [ -84.453476516999956, 33.868134913000063 ], [ -84.453405013999941, 33.868180449000079 ], [ -84.453302959999974, 33.868201986000031 ], [ -84.453229879999981, 33.868269485000042 ], [ -84.453156799999988, 33.868335612000067 ], [ -84.45307960599996, 33.868403809000029 ], [ -84.452997453999956, 33.868465834000062 ], [ -84.452925173999972, 33.868526105000058 ], [ -84.45284467099998, 33.868589145000044 ], [ -84.452773243999957, 33.868657687000052 ], [ -84.452711191999981, 33.868702405000079 ], [ -84.452630276999969, 33.868760746000078 ], [ -84.452568735999989, 33.868829921000042 ], [ -84.452496113999985, 33.868866065000077 ], [ -84.452405103999979, 33.868911374000049 ], [ -84.452316320999955, 33.868962065000062 ], [ -84.452260563999971, 33.869036750000078 ], [ -84.452042884999969, 33.869212452000056 ], [ -84.451919633999978, 33.869548703000078 ], [ -84.451795568999955, 33.869887348000077 ], [ -84.451729479999983, 33.870075424000049 ], [ -84.451742223999986, 33.87019255000007 ], [ -84.451752382999985, 33.870275632000073 ], [ -84.451780337999935, 33.870360020000078 ], [ -84.451797659999954, 33.870456796000042 ], [ -84.45181249999996, 33.870539785000062 ], [ -84.451833245999978, 33.870655796000051 ], [ -84.451855340999941, 33.870771799000067 ], [ -84.451887843999941, 33.870886105000068 ], [ -84.451924846999987, 33.871115850000024 ], [ -84.451963777999936, 33.871181028000024 ], [ -84.451978106999945, 33.871279575000074 ], [ -84.451986673999954, 33.87137851500006 ], [ -84.451990267999975, 33.871469526000055 ], [ -84.451989953999941, 33.871532516000059 ], [ -84.451990487999979, 33.871535483000059 ], [ -84.451989910999941, 33.871540460000062 ], [ -84.451989777999984, 33.871568821000039 ], [ -84.451985137999941, 33.871659493000038 ], [ -84.451974757999949, 33.871758452000051 ], [ -84.451961056999949, 33.871848515000067 ], [ -84.451928047999957, 33.872078038000041 ], [ -84.451890777999949, 33.872154716000068 ], [ -84.451856881999959, 33.87222627500006 ], [ -84.45182747299998, 33.872299172000055 ], [ -84.451795589999961, 33.872371385000065 ], [ -84.451760412999988, 33.872442589000059 ], [ -84.451722755999981, 33.872512755000059 ], [ -84.451686720999987, 33.872574318000034 ], [ -84.45121147499998, 33.87307316600004 ], [ -84.450242419999938, 33.873942456000066 ], [ -84.449106230999973, 33.874839956000073 ], [ -84.448571945999959, 33.875428276000036 ], [ -84.448166399999934, 33.875841077000075 ], [ -84.447470223999971, 33.876549637000039 ], [ -84.446534043999975, 33.877167001000032 ], [ -84.445360006999977, 33.877799028000027 ], [ -84.445233894999944, 33.877873679000061 ], [ -84.444293529999982, 33.878430413000046 ], [ -84.443811162999964, 33.878532136000047 ], [ -84.443452009999987, 33.878529509000032 ], [ -84.440333331999966, 33.878507619000061 ], [ -84.440350053999964, 33.878585575000045 ], [ -84.440250199, 33.878785398000048 ], [ -84.440164437999954, 33.879014017000031 ], [ -84.439847596999982, 33.879106782000065 ], [ -84.440032667999958, 33.879280196000025 ], [ -84.439491630999953, 33.879846837000059 ], [ -84.439234107999937, 33.879941889000065 ], [ -84.438887956999963, 33.879884225000069 ], [ -84.438741786999969, 33.879768110000043 ], [ -84.438788507999959, 33.879436493000071 ], [ -84.438696065999977, 33.879377608000027 ], [ -84.438558763999936, 33.87946071500005 ], [ -84.438179469999966, 33.879340274000072 ], [ -84.438018563999947, 33.879252028000053 ], [ -84.437913500999969, 33.87937144700004 ], [ -84.437599185999943, 33.879481020000071 ], [ -84.437133605999975, 33.879427081000074 ], [ -84.437234918999934, 33.879686591000052 ], [ -84.437099005999983, 33.879947608000066 ], [ -84.436746118999963, 33.880104698000025 ], [ -84.436346021999952, 33.880180794000069 ], [ -84.436157198999979, 33.880384217000028 ], [ -84.436170976999961, 33.878478315000052 ], [ -84.435474930999987, 33.878477089000057 ], [ -84.429933726999934, 33.878466380000077 ], [ -84.429438045999973, 33.879873821000047 ], [ -84.429236128999946, 33.881185827000024 ], [ -84.429131569999981, 33.881204958000069 ], [ -84.429025336999985, 33.881214802000045 ], [ -84.428918254999985, 33.881215360000056 ], [ -84.428811964999966, 33.881206653000049 ], [ -84.428706466999984, 33.88118868600003 ], [ -84.428604242999938, 33.881161749000057 ], [ -84.428506105999986, 33.881126259000041 ], [ -84.428412890999937, 33.88108248900005 ], [ -84.428326237999954, 33.881030456000076 ], [ -84.42824533299995, 33.880971543000044 ], [ -84.428172640999946, 33.880905741000049 ], [ -84.428108995999935, 33.880834065000045 ], [ -84.427698293999981, 33.880407591000051 ], [ -84.427988910999943, 33.878462629000069 ], [ -84.426647887999934, 33.878460300000029 ], [ -84.424879386999976, 33.878447583000025 ], [ -84.424728141999935, 33.878794036000045 ], [ -84.424643524999965, 33.878989663000027 ], [ -84.424571580999952, 33.879149705000032 ], [ -84.424499096999966, 33.879128532000038 ], [ -84.423471417999963, 33.87883219500003 ], [ -84.423074843999984, 33.878722845000027 ], [ -84.42322143399997, 33.87843562900008 ], [ -84.419000302999962, 33.878405100000066 ], [ -84.418601611999975, 33.878402152000035 ], [ -84.417777977999947, 33.878432001000078 ], [ -84.417553778999945, 33.878381259000037 ], [ -84.41663860999995, 33.878376605000028 ], [ -84.416478806999976, 33.878375557000027 ], [ -84.416134482999951, 33.878372820000038 ], [ -84.415973032999943, 33.87837141600005 ], [ -84.413753053999983, 33.878353569000069 ], [ -84.413640266999948, 33.878352723000035 ], [ -84.413532289999978, 33.878351950000024 ], [ -84.412849413999936, 33.878346448000059 ], [ -84.411794203999989, 33.878337887000043 ], [ -84.411626981999973, 33.878336518000026 ], [ -84.408556084999987, 33.878311666000059 ], [ -84.408448241999963, 33.878310831000078 ], [ -84.408310940999968, 33.878309810000076 ], [ -84.407978646999936, 33.878307299000028 ], [ -84.407198562999952, 33.878300910000064 ], [ -84.406963809999979, 33.87830309900005 ], [ -84.406955381999978, 33.878528440000025 ], [ -84.406958114999952, 33.878916288000028 ], [ -84.406959719999975, 33.879194540000071 ], [ -84.406966905, 33.880288993000079 ], [ -84.406969390999961, 33.880587166000055 ], [ -84.406971010999939, 33.880872289000024 ], [ -84.406972604999964, 33.881146418000071 ], [ -84.406973629999982, 33.881217513000024 ], [ -84.406977250999944, 33.881922087000078 ], [ -84.406977470999948, 33.882000765000043 ], [ -84.406978085999981, 33.882126551000056 ], [ -84.406979359, 33.882379657000058 ], [ -84.40515050099998, 33.882338908000065 ], [ -84.405138448999935, 33.883041752000054 ], [ -84.405115544999944, 33.885172004000026 ], [ -84.404954041999986, 33.885157888000037 ], [ -84.404871648999972, 33.885151534000045 ], [ -84.404788444999951, 33.885152025000025 ], [ -84.404705265999951, 33.885159742000042 ], [ -84.404624577999982, 33.885174684000049 ], [ -84.404408959999955, 33.885252377000029 ], [ -84.404337405999968, 33.885294068000064 ], [ -84.404271636999965, 33.88534160100005 ], [ -84.404021801999988, 33.885557843000072 ], [ -84.403784420999955, 33.885809046000077 ], [ -84.403666079999937, 33.885912360000077 ], [ -84.403323656999987, 33.886310101000049 ], [ -84.403248908999956, 33.886387554000066 ], [ -84.403179872999942, 33.886446771000067 ], [ -84.403088607999962, 33.886510842000064 ], [ -84.402989905999959, 33.88656668200008 ], [ -84.402885410999943, 33.886613600000032 ], [ -84.402775126999984, 33.88665091200005 ], [ -84.402660693999962, 33.886678944000039 ], [ -84.402548690999936, 33.886691884000072 ], [ -84.401818081999977, 33.886728320000032 ], [ -84.401516822999952, 33.885918536000077 ], [ -84.401138708999952, 33.885920958000042 ], [ -84.401135699999941, 33.883917863000079 ], [ -84.401134990999935, 33.883356904000038 ], [ -84.401133734999974, 33.882296106000069 ], [ -84.401036530999988, 33.882296291000046 ], [ -84.401036097999963, 33.88213799600004 ], [ -84.401035442999955, 33.881898492000062 ], [ -84.400452256999984, 33.881304943000032 ], [ -84.400231432999988, 33.881283737000047 ], [ -84.399200162999989, 33.881307671000059 ], [ -84.399175408999952, 33.879469866000079 ], [ -84.397297272999936, 33.879459297000039 ], [ -84.397299929999974, 33.878914820000034 ], [ -84.397305322999955, 33.878777397000079 ], [ -84.397326136999936, 33.87824696000007 ], [ -84.397243765999974, 33.878246067000077 ], [ -84.395995525999979, 33.878231800000037 ], [ -84.395013032999941, 33.878220569000064 ], [ -84.392470989999936, 33.878191368000046 ], [ -84.389183427999967, 33.878153705000045 ], [ -84.389055749999955, 33.878152563000071 ], [ -84.388691652999967, 33.878148079000027 ], [ -84.388694592999968, 33.878964646000043 ], [ -84.388778598999977, 33.878958999000076 ], [ -84.38886176699998, 33.878948874000059 ], [ -84.388944100999936, 33.87893327900008 ], [ -84.38902477299996, 33.878913210000064 ], [ -84.389141640999981, 33.878873838000061 ], [ -84.389413640999976, 33.879257049000046 ], [ -84.389671722999935, 33.879671557000052 ], [ -84.390185226999961, 33.879792234000035 ], [ -84.390573188999952, 33.88041811800008 ], [ -84.390905590999978, 33.880268097000055 ], [ -84.391253060999986, 33.88084043300006 ], [ -84.390356167999983, 33.881219943000076 ], [ -84.391220009999984, 33.88237401400005 ], [ -84.392647103999934, 33.883442841000033 ], [ -84.393326252999941, 33.884203199000069 ], [ -84.39393016799994, 33.884855799000036 ], [ -84.394645729999979, 33.885360475000027 ], [ -84.39524070899995, 33.886054691000027 ], [ -84.395482830999981, 33.886336593000067 ], [ -84.394687622999982, 33.886864702000025 ], [ -84.394618205999961, 33.886783073000061 ], [ -84.394540566999979, 33.886705907000078 ], [ -84.394226034999974, 33.886455746000024 ], [ -84.394160835999969, 33.886411536000026 ], [ -84.393218446999981, 33.88580111300007 ], [ -84.39313763399997, 33.885771721000026 ], [ -84.393055188999938, 33.885745407000059 ], [ -84.392971919999979, 33.885721870000054 ], [ -84.392887018999943, 33.885701414000039 ], [ -84.392802119999942, 33.885683708000045 ], [ -84.392715583999973, 33.885669439000026 ], [ -84.392628230999946, 33.885657916000071 ], [ -84.392540890999953, 33.88564983200007 ], [ -84.392452731999981, 33.885646230000077 ], [ -84.392301142999941, 33.885640324000065 ], [ -84.392301093999947, 33.884996534000038 ], [ -84.390086498999949, 33.883630952000033 ], [ -84.388844462999941, 33.882123422000063 ], [ -84.387220998999965, 33.88090647100006 ] ] ] } }
]
}
